No,Nama tempat,kabupaten kota,kategori,latitude,longitude,Fasilitas,rating,Foto
1,Air Terjun Cengkaan,Lampung Barat,wisata alam,-4.982661,104.439636,"Parkir, Toilet, Mushola, Restoran",4.2,https://lh3.googleusercontent.com/gps-cs-s/AG0ilSySizF7lV_tICKFA2nbGdDpG1cB51vNuVyzJcYihI9eHVKlziTFIZGqaBqnToMkXVjrHa14usfjzDJUBEKATkqhYdHmvRUIj3ZB-aqpfjd3rf-gIQ0YIhTju-WIJdopGRKOoda8NQ=s680-w680-h510-rw
2,Air Terjun Semantung,Lampung Barat,wisata alam,-5.027573,104.442844,Parkir,4.7,https://lh3.googleusercontent.com/gps-cs-s/AG0ilSy0ZHuV9dJfG_3ukg2kEtxkqSuKcXww39VbIKo5NJiHnQTFuVGZIeGLvPjx_IBEA1em0Of-G-zScIoqm4LYxp0H8dVgUpPLkm52Znxqv7E6e1SqqXinJHxwW6-yHmczOS8hU4lQ9g=s680-w680-h510-rw
3,Curug Gimo,Lampung Barat,wisata alam,-5.134218,104.378831,"Parkir, Toilet, Restoran",4.8,https://encrypted-tbn0.gstatic.com/images?q=tbn:ANd9GcSYJk3rwURmnVonppzQlcQurae23bxuVTBJZg&s
4,Curug Tresno,Lampung Barat,wisata alam,-4.994822,104.297743,"Parkir, Toilet, Restoran",4.1,https://sisparnas.kemenpar.go.id/imgdata/690210.jpg
5,Danau Asam Suoh,Lampung Barat,wisata alam,-4.911030,103.633661,"Parkir, Toilet, Mushola, Restoran",4.1,https://encrypted-tbn0.gstatic.com/images?q=tbn:ANd9GcTVHcPpa7e4uFjvIbY6P5tk0A1Bd5GxBiCdUA&s
6,Desa Wisata datar petay pekon mutar alam,Lampung Barat,wisata alam,-5.054806,104.394308,"Parkir, Toilet, Mushola, Restoran",5,https://encrypted-tbn0.gstatic.com/images?q=tbn:ANd9GcRUAmJlEbQs6hNbZwd0DNd9I1tLJomY0lEafA&s
7,Kampung Kopi Rigis Jaya,Lampung Barat,wisata alam,-5.057376,104.4316282,"Parkir, Toilet, Mushola, Restoran",4.5,https://encrypted-tbn0.gstatic.com/images?q=tbn:ANd9GcQKKnvhqP269YHolWw-TzfOz__JCSQkUMR5BQ&s
8,Obyek Wisata Alam kubu perahu Taman Nasional Bukit barisan Selatan,Lampung Barat,wisata alam,-5.070760,104.041484,"Parkir, Toilet, Mushola, Restoran",4.4,https://sisparnas.com/imgdata/692090.jpg
9,Pinus Eco Park,Lampung Barat,wisata alam,-4.982977,104.4951591,"Parkir, Toilet, Mushola, Restoran",4.3,https://encrypted-tbn0.gstatic.com/images?q=tbn:ANd9GcQP1VLtF5V9UNoQh_QofnH235R6ODtwCdgwTw&s
10,Pokdarwis Peduli Seminung,Lampung Barat,wisata alam,-4.911111,103.942734,"Parkir, Toilet, Mushola, Restoran",,https://sisparnas.com/imgdata/688700.jpg
11,Puncak jaya Manggala,Lampung Barat,wisata alam,-5.018575,104.231156,"Parkir, Toilet, Restoran",4.4,https://encrypted-tbn0.gstatic.com/images?q=tbn:ANd9GcQ-CccJiMJ-wghSSenYWZUntJRMTE77-yXzGg&s
12,Taman Haruma,Lampung Barat,wisata alam,-4.999244,104.491812,"Parkir, Toilet, Mushola, Restoran",4,https://encrypted-tbn0.gstatic.com/images?q=tbn:ANd9GcTHb0xNgTPBWSyFBGLOVqWI4dJsHAW1Ac9Klg&s
13,Taman segar sari,Lampung Barat,wisata alam,-5.025913,104.291742,"Parkir, Toilet, Mushola, Restoran",5,https://encrypted-tbn0.gstatic.com/images?q=tbn:ANd9GcREyejLThIZHt_uglw5nhLjQScYqFxjJsy5TA&s
14,TAMAN WISATA CURUP PADAE,Lampung Barat,wisata alam,-5.054806,104.394308,"Parkir, Toilet, Mushola, Restoran",4.4,https://encrypted-tbn0.gstatic.com/images?q=tbn:ANd9GcRfrb9_xOOLWAI8uDYuc5pxMQeyrVLJ0iJxEA&s
15,Temiangan hill,Lampung Barat,wisata alam,-5.122379,104.4399699,"Parkir, Toilet, Mushola, Restoran",4.5,https://encrypted-tbn0.gstatic.com/images?q=tbn:ANd9GcSTDJfseKD6_Ntk4HFgKd8Byp2Spyjd36KOZw&s
16,WAY BESAI RAFTING,Lampung Barat,wisata alam,-5.026805,104.423395,"Parkir, Toilet, Mushola, Restoran",4.6,https://encrypted-tbn0.gstatic.com/images?q=tbn:ANd9GcRN9IJYY690t5pdV6Ky6dH8z4siMgo9TPw8NQ&s
17,Wisata alam batu langit,Lampung Barat,wisata alam,-5.019323,104.4632196,"Parkir, Toilet, Mushola, Restoran",4.3,https://wartaniaga.id/wp-content/uploads/2021/09/IMG-20210902-WA0000-280x210.jpg
18,Reendjana Park,Lampung Barat,wisata buatan,-5.055475,104.3150076,"Parkir, Toilet, Mushola, Restoran",3.8,https://encrypted-tbn0.gstatic.com/images?q=tbn:ANd9GcSI7tY1Q7bouIK9dxzoXDtEkTYAZsDKHSzoOQ&s
19,Sekolah kopi,Lampung Barat,wisata buatan,-5.027076,104.426773,"Parkir, Toilet, Mushola, Restoran",4.6,https://encrypted-tbn0.gstatic.com/images?q=tbn:ANd9GcRrGLQInNz-qn2l-I2wqnOvKS7xaEs9polxZw&s
20,Waterboom berlian muda,Lampung Barat,wisata buatan,-4.919369,104.014931,"Parkir, Toilet, Mushola, Restoran",4.3,https://encrypted-tbn0.gstatic.com/images?q=tbn:ANd9GcR7Jqvgi_yVQAVzlHv4b6rNs592CSBjzudgvg&s
21,WATERBOOM USAHA MUDA,Lampung Barat,wisata buatan,-5.008894,104.4714808,"Parkir, Toilet, Mushola, Restoran",4.3,https://encrypted-tbn0.gstatic.com/images?q=tbn:ANd9GcR2--IZgO7NvBZh66z5FBOFCOBYra1VO1FRGA&s
22,Desa wisata bali dharma Kerti ( kampung Bali),Lampung Barat,wisata budaya,-5.084977,104.365943,"Parkir, Toilet, Restoran",4.6,https://encrypted-tbn0.gstatic.com/images?q=tbn:ANd9GcQ_Q8KWt3LCj_VaxWO7btXk43hR5VNS-X3P7A&s
23,Situs megalitikum Batu brak,Lampung Barat,wisata budaya,-5.052080,104.5306015,"Parkir, Toilet, Restoran",4.4,https://encrypted-tbn0.gstatic.com/images?q=tbn:ANd9GcQ-KlaAmLa1M8YEIdGDxF9hN5Co4i9AQfD9Iw&s
24,BUMI PERKEMAHAN SUKARAJA,Lampung Barat,wisata buatan,-5.041648,104.362718,"Parkir, Toilet, Mushola, Restoran",4.8,https://encrypted-tbn0.gstatic.com/images?q=tbn:ANd9GcSBtYaXnE3AnMgrrW9Wg2W_0DLUzQnw5mTprg&s
25,KEBUN RAYA LIWA,Lampung Barat,wisata buatan,-5.038085,104.0762154,"Parkir, Toilet, Mushola, Restoran",4.5,https://encrypted-tbn0.gstatic.com/images?q=tbn:ANd9GcRZck1VQPN0TitAtM6iHVfmpM-DwvdkQ5nFKA&s
26,Kolam Renang Galih Permai,Lampung Barat,wisata buatan,-5.022779,104.0833018,"Parkir, Toilet, Mushola, Restoran",4.5,https://encrypted-tbn0.gstatic.com/images?q=tbn:ANd9GcR3oHPGuYvkcMqDMtfs-QXiWGR5agtWe3l40Q&s
27,KOLAM RENANG ALAMI WAY SINDA,Lampung Barat,wisata buatan,-5.046320,104.0701054,"Parkir, Toilet, Restoran",4.2,https://encrypted-tbn0.gstatic.com/images?q=tbn:ANd9GcT1iDGMgE_tLJXDNlbrkNvJwqeF8P9Mtw-aBg&s
28,REST AREA PUNCAK SUMBER JAYA,Lampung Barat,wisata lainnya,-5.027539,104.4478057,"Parkir, Toilet, Mushola, Restoran",4.6,https://encrypted-tbn0.gstatic.com/images?q=tbn:ANd9GcT7XzMtDckG_ABL7EVKoLXL7S3ZIjoG4ius6Q&s
29,WISATA CAI KAHURIPAN,Lampung Barat,wisata alam,-5.030773,104.4157161,"Parkir, Toilet, Mushola, Restoran",4.3,https://encrypted-tbn0.gstatic.com/images?q=tbn:ANd9GcSqxU3W98yNIXVNVLkf1jLoj2l3JQKEMW2Lew&s
30,CURUG KHAJA SAKA,Lampung Selatan,wisata alam,-5.858819,105.7217564,"Parkir, Toilet, Mushola, Restoran",4.5,https://encrypted-tbn0.gstatic.com/images?q=tbn:ANd9GcRZ30djpCnnDKpjUcAO5QRxy5R1xZMfswYNLw&s
31,AIR TERJUN WAY KALAM,Lampung Selatan,wisata alam,-5.762639,105.664525,"Parkir, Toilet, Mushola, Restoran",4.6,https://encrypted-tbn0.gstatic.com/images?q=tbn:ANd9GcTHdPL_FshsswPrssuSgnrEv_rNtGGiiE5LMw&s
32,Alau Alau Resort,Lampung Selatan,wisata alam,-5.699881,105.5594091,"Parkir, Toilet, Mushola, Restoran",4.1,https://encrypted-tbn0.gstatic.com/images?q=tbn:ANd9GcRz3JzHEjBWmffEq0Pg92r0l_wy4lL2tHd3eA&s
33,ARANG GRILL & BEACH,Lampung Selatan,wisata alam,-5.674847,105.5107858,"Parkir, Toilet, Mushola",4.5,https://encrypted-tbn0.gstatic.com/images?q=tbn:ANd9GcTmGOK3Qn3IrW9LEyu-hKvK4i1TT-zr7YtsCA&s
34,AURORA BEACH,Lampung Selatan,wisata alam,-5.713227,105.573292,"Parkir, Toilet, Mushola, Restoran",4.6,https://jelambu.com/storage/thumbnail/01K1RAVMSAP3RHFWNG4YAQE6K3.jpg
35,BUKIT PEMATANG SUNRISE,Lampung Selatan,wisata alam,-5.870018,105.7265486,"Parkir, Toilet, Mushola, Restoran",4.4,https://encrypted-tbn0.gstatic.com/images?q=tbn:ANd9GcRJzMArMruh7BiVATHb3HUi5AwMqrLuYOo-1w&s
36,DAYN WATERBOOM,Lampung Selatan,wisata buatan,-5.682940,105.5300056,"Parkir, Toilet, Mushola, Restoran",4.1,https://encrypted-tbn0.gstatic.com/images?q=tbn:ANd9GcS4V1lj3_EXp7_mWdoROf4_zgdbXoywvcg1bw&s
37,Desa Wisata Kunjir,Lampung Selatan,wisata buatan,-5.829441,105.6354093,"Parkir, Toilet, Mushola, Restoran",4.4,https://encrypted-tbn0.gstatic.com/images?q=tbn:ANd9GcTuRU3YgrnAu-XLYgdWi4Z-DJ66LfncEXNrEQ&s
38,KALIANDA BEACH,Lampung Selatan,wisata alam,-5.727599,105.5849943,"Parkir, Toilet, Mushola, Restoran",4.7,https://encrypted-tbn0.gstatic.com/images?q=tbn:ANd9GcS2zsOf6egQkG-lmbRp7IMOBcV-6hPxRZm4Hw&s
39,Kolam Renang Sumber Air Terjun,Lampung Selatan,wisata buatan,-5.233931,105.169757,"Parkir, Toilet, Mushola, Restoran",4.3,https://encrypted-tbn0.gstatic.com/images?q=tbn:ANd9GcSXpFX0dFY3M4YStqeJ5OoZ-dvYLp2cqHEosg&s
40,MBeach,Lampung Selatan,wisata alam,-5.666893,105.5416095,"Parkir, Toilet, Mushola, Restoran",4.2,https://encrypted-tbn0.gstatic.com/images?q=tbn:ANd9GcQRw9t1DY4MN0OOKslhC0DfGsWLER61g46Dew&s
41,PANTAI ARUNA,Lampung Selatan,wisata alam,-5.667372,105.5452971,"Parkir, Toilet, Mushola",4.4,https://radarlampung.bacakoran.co/upload/5ed8848e3e88185cdd3cda0b63a9981b.jpeg
42,PANTAI BAGUS BEACH WALK,Lampung Selatan,wisata alam,-5.667398,105.5546159,"Parkir, Toilet, Mushola, Restoran",4.4,https://pariwisatalamsel.com/assets/uploads/berita/20250410213911_bagus-beach-walk-salah-satu-pantai-favorit.jpg
43,PANTAI BELEBUK,Lampung Selatan,wisata alam,-5.847377,105.6979815,"Parkir, Toilet, Mushola, Restoran",4.3,https://encrypted-tbn0.gstatic.com/images?q=tbn:ANd9GcRCQ6qmiFaSa-a-I1tEXMcb7AsVQSMdJQKZOg&s
44,PANTAI CEMARA,Lampung Selatan,wisata alam,-5.685499,105.5295601,"Parkir, Toilet, Mushola, Restoran",4.7,https://gatsu90rentcar.com/wp-content/uploads/2023/02/Pantai-Cemara-Kalianda-Biaya-Tiket-Masuk-Wisata-Lokasi-dan-Fasilitas.webp
45,PANTAI KEDU,Lampung Selatan,wisata alam,-5.721824,105.5810128,"Parkir, Toilet, Mushola, Restoran",4.4,https://asset-2.tstatic.net/lampung/foto/bank/images/Pantai-Kedu-Warna-Tempat-Wisata-di-Lampung.jpg
46,PANTAI KEDU WARNA,Lampung Selatan,wisata alam,-5.718520,105.5770437,"Parkir, Toilet, Mushola, Restoran",4.5,https://encrypted-tbn0.gstatic.com/images?q=tbn:ANd9GcS3P_5XxG3zAPR9Z0uUG9x75dFwEftWcY5RjA&s
47,PANTAI MARINA,Lampung Selatan,wisata alam,-5.681575,105.5155867,"Parkir, Toilet, Mushola, Restoran",4.5,https://encrypted-tbn0.gstatic.com/images?q=tbn:ANd9GcRCik0M-cg3lH0ZIR-9e1K3m6v5AFbhFydsUw&s
48,PANTAI MINANG RUA,Lampung Selatan,wisata alam,-5.856575,105.7142964,"Parkir, Toilet, Mushola, Restoran",4.3,https://encrypted-tbn0.gstatic.com/images?q=tbn:ANd9GcTUo1nrIwAsGTm5JUbuUraV-PHo6pOYt5e5jA&s
49,PANTAI PELANGI INDAH,Lampung Selatan,wisata alam,-5.721321,105.5801278,"Parkir, Toilet, Mushola, Restoran",4.5,https://pantaiindahpelangi.wisatapantailampungtimur.com/wp-content/uploads/2024/09/gerbang-pelangi-indah-450x450.jpg
50,PANTAI SEMUKUK INDAH,Lampung Selatan,wisata alam,-5.761308,105.5832179,"Parkir, Toilet, Mushola, Restoran",4.5,https://encrypted-tbn0.gstatic.com/images?q=tbn:ANd9GcSC8c6KZ7wgcgdLeF5-yS9YUF_tws0eE_eG8A&s
51,PANTAI SEPENAN,Lampung Selatan,wisata alam,-5.669235,105.5359681,"Parkir, Toilet, Mushola, Restoran",4.1,https://assets.promediateknologi.id/crop/0x0:0x0/0x0/webp/photo/p3/22/2024/09/29/1234-965464342.jpg
52,Pantai Serambi Krakatau,Lampung Selatan,wisata alam,-5.835454,105.6444595,"Parkir, Toilet, Mushola, Restoran",4.6,https://sisparnas.com/imgdata/677000.jpg
53,PANTAI SETEGI HENI,Lampung Selatan,wisata alam,-5.789609,105.5812985,"Parkir, Toilet, Mushola, Restoran",4.7,https://www.pariwisatalamsel.com/assets/uploads/berita/20250409225457_pesona-pantai-setigi-heni.jpg
54,PANTAI TITIAN MUTIARA,Lampung Selatan,wisata alam,-5.781080, 105.5806822,"Parkir, Toilet, Mushola, Restoran",4.6,https://encrypted-tbn0.gstatic.com/images?q=tbn:ANd9GcTcyS-B4M-muhtKe-bIz_anI-l5SMUYJslPAA&s
55,Pantai WWG Sikop,Lampung Selatan,wisata alam,-5.835354,105.6462306,"Parkir, Mushola, Restoran",4.7,https://encrypted-tbn0.gstatic.com/images?q=tbn:ANd9GcQ2Acn-dFeBYypVwb984D2y0oFY5oBqn1lqmA&s
56,PEMANDIAN AIR PANAS WAY BELARANG,Lampung Selatan,wisata alam,-5.750540,105.60399100,"Parkir, Toilet, Mushola, Restoran",4.3,https://encrypted-tbn0.gstatic.com/images?q=tbn:ANd9GcQV_Qa8eX-OL3tcI7EJN3X7SdC0rmqr-jYnEg&s
57,Pemandian Wai Panas,Lampung Selatan,wisata alam,-5.744174,105.58790507,"Parkir, Toilet, Mushola, Restoran",4.1,https://encrypted-tbn0.gstatic.com/images?q=tbn:ANd9GcTzPVnxROTP4OspLToc3bAB8SpoOsPKq_Zo6Q&s
58,SANGGAR BEACH,Lampung Selatan,wisata alam,-5.726781271,105.584398,"Parkir, Toilet, Mushola",4.4,https://encrypted-tbn0.gstatic.com/images?q=tbn:ANd9GcT35GKEwU_AH9d7sCyK6u4EvgGvy1EtUOmHLA&s
59,SENJA,Lampung Selatan,wisata alam,-5.667313197,105.5457632,"Parkir, Mushola, Restoran",4.1,https://encrypted-tbn0.gstatic.com/images?q=tbn:ANd9GcSET9kvGMUG1y3KPk-KpQGDnRiuUsrACfu1GQ&s
60,SIGER PARK BAKAUHENI HARBOUR CITY,Lampung Selatan,wisata buatan,-5.863372969,105.7498607,"Parkir, Toilet, Mushola, Restoran",4.6,https://encrypted-tbn0.gstatic.com/images?q=tbn:ANd9GcRejvEhiRlMhraazCDYc_J1lx6heqCtuONWXQ&s
61,Slanik Waterpark,Lampung Selatan,wisata buatan,-5.304727485,105.2890187,"Parkir, Toilet, Mushola",4.4,https://encrypted-tbn0.gstatic.com/images?q=tbn:ANd9GcSBIu-AWhv3C4rabku3iTZhTUxx0WKcGRNe8A&s
62,Taman Saquila,Lampung Selatan,wisata buatan,-5.234071584,105.1728543,"Parkir, Toilet, Mushola",4.4,https://encrypted-tbn0.gstatic.com/images?q=tbn:ANd9GcTZgUhnDkmii0mYr5JVOOePx7GZaZUUl5hqYg&s
63,Pantai Wartawan,Lampung Selatan,wisata alam,-5.836135839,105.6287364,"Parkir, Toilet, Mushola, Restoran",4.1,https://encrypted-tbn0.gstatic.com/images?q=tbn:ANd9GcTGnnBmMlM0LTDvw0YF4iIel8jPuSjNgj5aPw&s
64,Way Tebing Ceppa,Lampung Selatan,wisata buatan,-5.745117426,105.6565186,"Toilet, Mushola, Restoran",4.7,https://encrypted-tbn0.gstatic.com/images?q=tbn:ANd9GcRNvEeRwickt1_Ihylk5215E6YjPPXrhYT-KA&s
65,Wisata Bahari Citra Usaha Laut II,Lampung Selatan,wisata lainnya,-5.490000, 105.400000,"Toilet, Mushola, Restoran",,https://encrypted-tbn0.gstatic.com/images?q=tbn:ANd9GcTZZf3A9dMevqy4JzxTX-YcPR_1emyJWLHgiA&s
66,Wisata Religi (Makam Ratu Darah Putih Kalianda),Lampung Selatan,wisata religi,-5.715795988,5.685158085,"Parkir, Toilet, Mushola",4.4,https://demokrasinews.co.id/wp-content/uploads/2021/07/IMG_20210703_140503.jpg
67,Agro Forestry,Lampung Tengah,wisata alam,-4.762922433,105.2064414,"Parkir, Toilet, Mushola, Restoran",4.2,https://encrypted-tbn0.gstatic.com/images?q=tbn:ANd9GcSRohQXwdnJg924JzP36Tfv289HARlkl44pQQ&s
68,BATU TUMPANG,Lampung Tengah,wisata alam,-5.11075269,104.881919,Parkir,4.2,https://encrypted-tbn0.gstatic.com/images?q=tbn:ANd9GcR4dgQgWtddto8Rmv93LfNapiKqJuUZ1nfXIg&s
69,BETAN SUBING,Lampung Tengah,wisata budaya,-4.878105979,105.2230399,"Parkir, Toilet, Mushola",3.9,https://asset.tribunnews.com/vzDT7qWHTvGjn11dcIHBCTaRbCw=/1200x675/filters:upscale():quality(30):format(webp):focal(0.5x0.5:0.5x0.5)/lampung/foto/bank/originals/Terminal-Betan-Subing-Lampung-Tengah-1.jpg
70,CURUG LESTARI,Lampung Tengah,wisata alam,-5.127451281,104.8015113,Parkir,4.4,https://encrypted-tbn0.gstatic.com/images?q=tbn:ANd9GcR4GI3N1Hue7sy9EB2RLjWTOX3f3rHwYtMAIQ&s
71,CURUG TUJUH,Lampung Tengah,wisata alam,-5.091991151,104.7248768,Toilet,4.3,https://disparekraf.lampungprov.go.id/berkas/uploads/oxLhGuqkuzCrbh42pZZ8Sey4WS0RYuAvIsaTGEt5.jpg
72,DANAU BEKRI,Lampung Tengah,wisata alam,-5.084574694,105.1209111,"Parkir, Restoran",4.4,https://encrypted-tbn0.gstatic.com/images?q=tbn:ANd9GcSLfAYk2qeG1Ts8Dx1t7DHCvUMWqtY_v-6a3g&s
73,Dwi Karya Water Park,Lampung Tengah,wisata buatan,-4.800088376,105.2275223,"Parkir, Toilet, Mushola, Restoran",4.5,https://encrypted-tbn0.gstatic.com/images?q=tbn:ANd9GcTVsb8hlvUSmu0onmwRWhN5ddnz4Q-W6klzuw&s
74,EMBUNG TANJUNG ANOM,Lampung Tengah,wisata alam,-4.784809797,105.261135,"Parkir, Toilet, Mushola, Restoran",4,https://jadesta.kemenparekraf.go.id/imgpost/50757.jpg
75,KARYA TAMA,Lampung Tengah,wisata lainnya,-4.877309942,105.2301473,"Parkir, Toilet",4.2,https://encrypted-tbn0.gstatic.com/images?q=tbn:ANd9GcQKHdZjFLy1I_06ltelFLm8VPH0AWfn_foflA&s
76,KEBUN GAHARU,Lampung Tengah,wisata lainnya,-4.417697298,105.7593409,"Parkir, Toilet, Restoran",5,https://encrypted-tbn0.gstatic.com/images?q=tbn:ANd9GcSytnAzRQAN5r98kL2CmP2yZantqfNQ6Po43g&s
77,Kolam Renang Gunung Merah,Lampung Tengah,wisata buatan,-4.930901839,105.2085016,"Parkir, Toilet, Mushola, Restoran",3.9,https://encrypted-tbn0.gstatic.com/images?q=tbn:ANd9GcTUzUQsRa9wGPzTyyLcq00_PL2Sy3_lyfnIqA&s
78,Kolam Renang Tirta Bening,Lampung Tengah,wisata buatan,-5.105362433,104.8899568,"Parkir, Toilet, Mushola, Restoran",3.9,https://encrypted-tbn0.gstatic.com/images?q=tbn:ANd9GcQIdAtxAdPwt2pdKaN3ixOKhmsI9rY3SAnK9w&s
79,Kolam Renang Lamondo Water Park,Lampung Tengah,wisata buatan,-4.952091375,105.2074758,"Parkir, Toilet, Mushola, Restoran",4.3,https://encrypted-tbn0.gstatic.com/images?q=tbn:ANd9GcSScOSx7eiK7oZmhbyEuF2ujzWC-hg04qAg2Q&s
80,Lembah Milenium,Lampung Tengah,wisata alam,-4.909763476,105.1850605,"Parkir, Toilet, Mushola, Restoran",4.2,https://sisparnas.kemenparekraf.go.id/imgdata/1153090.jpg
81,Pak Minak,Lampung Tengah,wisata budaya,-4.880128041,105.2209149,"Parkir, Toilet, Mushola, Restoran",4.4,https://encrypted-tbn0.gstatic.com/images?q=tbn:ANd9GcRAsA_xYa60bfxGwVuw7lTPvQVFiWKOxfoDZw&s
82,PAKMONTI,Lampung Tengah,wisata lainnya,-4.897959755,105.1936085,"Parkir, Toilet, Restoran",5,https://encrypted-tbn0.gstatic.com/images?q=tbn:ANd9GcQVZTZ-d-hgxbIkbKVLRc2CCEc-kHoNeSo9bQ&s
83,Jati Agro,Lampung Tengah,wisata buatan,-5.338707242,105.2889384,"Parkir, Toilet, Restoran",4.6,https://encrypted-tbn0.gstatic.com/images?q=tbn:ANd9GcRMpgTm6-sa06pzkkuAuCTVGruIMgGbeyT1rQ&s
84,Puncak BB (Bukit Batubara),Lampung Tengah,wisata alam,-5.049066043,104.7783323,Parkir,4.5,https://kelilinglampung.net/wp-content/uploads/2020/11/Bukit-Batubara-Linggapura-Lampung-Tengah-mayaindpus-1606184528175.jpg
85,Rumah Adat Betan Subing,Lampung Tengah,wisata budaya,-4.881701,105.222390,"Parkir, Toilet, Mushola",,https://cdngnfi2.sgp1.cdn.digitaloceanspaces.com/gnfi/uploads/images/2023/01/1610472023-sesat-agung.png
86,SEMENANJUNG BADRAN,Lampung Tengah,wisata lainnya,-5.05581747,105.3102636,"Parkir, Toilet",4.7,https://encrypted-tbn0.gstatic.com/images?q=tbn:ANd9GcRhhXFPcKKqm0ax9pC4ZY3WjmOxROhpzDVH6A&s
87,Taman Cerry Glompong,Lampung Tengah,wisata buatan,-4.94098041,105.2106685,"Parkir, Toilet, Mushola, Restoran",4.1,https://encrypted-tbn0.gstatic.com/images?q=tbn:ANd9GcRVMnIgbESmuUNkXf7gd8wOCHmE80DVbgbGig&s
88,TAMAN TUGU Sembilan Gajah Putih,Lampung Tengah,wisata buatan,-4.998434775,105.2071133,Parkir,4.5,https://image.idntimes.com/post/20220513/52c1f0f1-5b5b-41f3-834d-861f623880e3-d1dfd9a9c1504f4c38e3485ec546e1b2.jpeg
89,Taman Umbul Jati,Lampung Tengah,wisata buatan,-4.876847337,105.1847927,"Parkir, Toilet",4.4,https://encrypted-tbn0.gstatic.com/images?q=tbn:ANd9GcTNwNQlub0b5yNNvchqdS5mRSqSK8TImgSXyg&s
90,TDA Gembira Ria,Lampung Tengah,wisata buatan,-4.910229953,105.352789,"Parkir, Toilet, Mushola, Restoran",4.1,https://sisparnas.kemenpar.go.id/imgdata/683030.jpg
91,Kolam Renang Telaga Putri,Lampung Tengah,wisata buatan,-4.823827783,105.4948114,"Parkir, Toilet, Mushola, Restoran",4.1,https://encrypted-tbn0.gstatic.com/images?q=tbn:ANd9GcQc8BkdgY6dEZuNVRtyt3QKVLAPERgnGjK_qA&s
92,TIRTA GANGGA,Lampung Tengah,wisata buatan,-8.412283657,115.5872758,"Parkir, Toilet, Mushola, Restoran",4.6,https://encrypted-tbn0.gstatic.com/images?q=tbn:ANd9GcQmY18SpsZomDmRJzGUVBW_lwlz3ZH_1CwhNA&s
93,Tugu Canang,Lampung Tengah,wisata budaya,-4.975737674,105.21218,"Parkir, Toilet, Mushola, Restoran",4.6,https://cdn.antaranews.com/cache/1200x800/2017/08/20170811lamteng_bangun_rth.jpg
94,Tugu Kopiah Emas,Lampung Tengah,wisata budaya,-4.974923868,105.2130767,"Parkir, Toilet, Mushola, Restoran",4.5,https://disparekraf.lampungprov.go.id/berkas/uploads/Zj4ySPHaoMCHBHoEw8GF4VSRHVNfrYu0lM8UYcFM.jpg
95,Wisata Danau Telogo Rejo,Lampung Tengah,wisata alam,-5.166281575,104.8378302,"Parkir, Toilet, Mushola, Restoran",4.6,https://encrypted-tbn0.gstatic.com/images?q=tbn:ANd9GcRe6c16cHYSMFGcgfgQAahx8EredyTjNVGYOQ&s
96,Pantai Kerang Mas,Lampung Timur,wisata alam,-5.370095238,105.8188711,"Parkir, Toilet, Mushola, Restoran",4.1,https://encrypted-tbn0.gstatic.com/images?q=tbn:ANd9GcRjPyfUySjXkRMnAUgFpUStyzdyGqT8pRqKRg&s
97,Bendungan danau Way Jepara,Lampung Timur,wisata alam,-5.209473597,105.6721566,"Parkir, Toilet, Mushola, Restoran",4.6,https://encrypted-tbn0.gstatic.com/images?q=tbn:ANd9GcT25uBegInljgH5QAz_2GyDiRJOwUCSv07I8g&s
98,Bendungan Marga Tiga,Lampung Timur,wisata buatan,-5.207622832,105.4873337,"Parkir, Toilet, Mushola, Restoran",4.1,https://encrypted-tbn0.gstatic.com/images?q=tbn:ANd9GcThMDDe9isO5iYDGhr-CKFMK8qwCJRehtvKaQ&s
99,Embung nibung kalijodo,Lampung Timur,wisata buatan,-5.402439523,105.7706324,"Parkir, Toilet, Mushola, Restoran",4.1,https://encrypted-tbn0.gstatic.com/images?q=tbn:ANd9GcTY1b0xlKzz72EShAIP__TLGH1AgehaTVOQEA&s
100,Sesat Agung Sukadana,Lampung Timur,wisata lainnya,-5.066722815,105.5502518,"Parkir, Toilet, Mushola, Restoran",4.3,https://awsimages.detik.net.id/community/media/visual/2023/01/06/sukadana-rumah-adat-lampung.jpeg?w=5184
101,Gemati,Lampung Timur,wisata budaya,-5.134097184,105.3355341,"Parkir, Toilet, Mushola, Restoran",4.7,https://encrypted-tbn0.gstatic.com/images?q=tbn:ANd9GcSup_Hky5mF0xrHo-8eYBP0HU1_9MUGhd2x4w&s
102,GERYA KEBUN,Lampung Timur,wisata budaya,-5.112261763,105.3429517,"Parkir, Toilet, Mushola, Restoran",4.2,https://encrypted-tbn0.gstatic.com/images?q=tbn:ANd9GcQCQI4Yj_XoRUR-j9TMHrNzIuUirpOydEl9Kg&s
103,GOA PANDAN GIRI MULYO,Lampung Timur,wisata alam,-5.390854291,105.6696944,"Parkir, Toilet, Mushola, Restoran",4.3,https://kelilinglampung.net/wp-content/uploads/2022/01/Wisata-Gua-Pandan-Giri-Mulyo-Marga-Sekampung-Lampung-Timur-Yopie-Pangkey-1.jpg
104,PALINO SWIMMING POOL,Lampung Timur,wisata buatan,-5.046549688,105.6455057,"Parkir, Toilet, Mushola, Restoran",4.3,https://renangloka.com/wp-content/uploads/2022/09/palino-swimming-pool.jpeg
105,KOLAM RENANG INTANA,Lampung Timur,wisata buatan,-5.129247626,105.4347639,"Parkir, Toilet, Mushola, Restoran",4.3,https://encrypted-tbn0.gstatic.com/images?q=tbn:ANd9GcRmj382IagCd1umdAd9tdPNQ4HGZoU0tVgtGg&s
106,kolam renang mawar,Lampung Timur,wisata buatan,-4.593284986,105.5301214,"Parkir, Toilet, Mushola, Restoran",4.2,https://sisparnas.kemenpar.go.id/imgdata/1046380.jpg
107,kolam renang pelangi,Lampung Timur,wisata buatan,-5.173218968,105.7050094,"Parkir, Toilet, Mushola, Restoran",4.2,https://asset-2.tribunnews.com/lampung/foto/bank/images/Tempat-Wisata-di-Lampung-Kolam-Renang-Pelangi.jpg
108,KOLAM RENANG PITALOKA,Lampung Timur,wisata buatan,-5.044897067,105.3630243,"Parkir, Toilet, Mushola, Restoran",4.1,https://sisparnas.com/imgdata/41190.jpg
109,Kolam Renang tirta Arum,Lampung Timur,wisata buatan,-5.090309691,105.6026789,"Parkir, Toilet, Mushola, Restoran",4.7,https://sisparnas.kemenpar.go.id/imgdata/1088360.jpg
110,Kolam Renang Tirta Golden,Lampung Timur,wisata buatan,-4.608643157,105.2950617,"Parkir, Toilet, Mushola, Restoran",4.1,https://renangloka.com/wp-content/uploads/2022/09/kolam-renang-tirta-golden.jpeg
111,Kolam Renang Z.S Berkah Mandiri,Lampung Timur,wisata buatan,-5.12074428,105.4025113,"Parkir, Toilet, Mushola, Restoran",4.6,https://renangloka.com/wp-content/uploads/2022/09/berkah-mandiri.jpeg
112,KR. Bonetan,Lampung Timur,wisata buatan,-5.12878084,105.4449219,"Parkir, Toilet, Mushola, Restoran",4.5,https://renangloka.com/wp-content/uploads/2022/09/kolam-renang-bonetan.jpeg
113,Makam Al Habib Husain Bin Usman Alaidrus,Lampung Timur,wisata budaya,-5.35159549,105.8097624,"Parkir, Toilet, Mushola, Restoran",4.6,https://journalpesantren.com/wp-content/uploads/2025/11/IMG-20251102-WA0025-600x375.jpg
114,Taman Wisata Mangrove Pandan Alas,Lampung Timur,wisata alam,-5.316409881,105.8216918,"Parkir, Toilet, Mushola, Restoran",4.1,https://encrypted-tbn0.gstatic.com/images?q=tbn:ANd9GcSBF7cjD_HvjZwhMDms8qh_Jw8rTHSV1EV8-Q&s
115,Muara Alam Lestari,Lampung Timur,wisata alam,-5.574208928,105.8183012,"Parkir, Toilet, Mushola, Restoran",5,https://sisparnas.kemenpar.go.id/imgdata/1079961.jpg
116,Pantai Cemara,Lampung Timur,wisata alam,-5.419230071,105.8066305,"Parkir, Toilet, Mushola, Restoran",4.8,https://sisparnas.kemenpar.go.id/imgdata/606510.jpg
117,Pantai Mutiara Baru,Lampung Timur,wisata alam,-5.424903008,105.8011548,"Parkir, Toilet, Mushola, Restoran",4.3,https://encrypted-tbn0.gstatic.com/images?q=tbn:ANd9GcTo8VJF-oUuPXcBMTgx84TTawMsSR7moV7vJg&s
118,Taman Wisata Seni dan Budaya RANDU MAS,Lampung Timur,wisata buatan,-5.299292289,105.5665544,"Parkir, Toilet, Mushola, Restoran",4.3,https://encrypted-tbn0.gstatic.com/images?q=tbn:ANd9GcTYbFlRRhWjDPwjdfzRcCoXPH1kaxLbR5S0og&s
119,Taman Nasional Way Kambas,Lampung Timur,wisata alam,-4.923057184,105.7758075,"Parkir, Toilet, Mushola, Restoran",4.3,https://imgsrv2.voi.id/KtmnkY2j8wl3168PL3FACtalnUFwAeIbbO2nIc3lTaw/auto/1200/675/sm/1/bG9jYWw6Ly8vcHVibGlzaGVycy8zNTE4OTkvMjAyNDAxMjcxMjQ1LW1haW4uY3JvcHBlZF8xNzA2MzM0MzM1LmpwZw.jpg
120,TAMAN PURBAKALA PUGUNG RAHARJO,Lampung Timur,wisata alam,-5.300654307,105.5712848,"Parkir, Toilet, Mushola, Restoran",4.4,https://indonesia.go.id/assets/upload/headline/WhatsApp_Image_2023-10-25_at_18_22_45_(1)_thumb.jpeg
121,Taman Santap Mbak Dwi,Lampung Timur,wisata alam,-5.071630898,105.3828887,"Parkir, Toilet, Mushola, Restoran",4.4,https://pariwisatalamsel.com/assets/uploads/photo/20200611160221_img-20140622-01567.jpg
122,Taman Wisata Beringin Indah,Lampung Timur,wisata alam,-5.06846068,105.5153651,"Parkir, Toilet, Mushola, Restoran",4.3,https://encrypted-tbn0.gstatic.com/images?q=tbn:ANd9GcReNwL16N9IJYVKEPm6F1BW962FtysKE45b_g&s
123,Water Boom Way Mulyo,Lampung Timur,wisata buatan,"-5,5743084","105,7881593","Parkir, Toilet, Mushola, Restoran",4.3,https://encrypted-tbn0.gstatic.com/images?q=tbn:ANd9GcQbcUBB6_62CbOeCuFxTP0mkfUnNOEYGKudrg&s
124,Waterboom Tirta Kencana,Lampung Timur,wisata buatan,"-4,5472418","105,1260979","Parkir, Toilet, Mushola, Restoran",4.1,https://encrypted-tbn0.gstatic.com/images?q=tbn:ANd9GcRLKdcBG7rXfrMPqKz7u0OIFL5FLAmDOG5WZw&s
125,Wisata Marga Indah,Lampung Timur,wisata buatan,"-4,3974993","105,3225955","Parkir, Toilet, Mushola, Restoran",4.7,https://static.promediateknologi.id/crop/0x0:0x0/0x0/webp/photo/p2/220/2024/08/06/Screenshot_20240806_175058_comgspaceandroid_edit_187095815916071-4069977080.jpg
126,Wisata Alam Kali Aro,Lampung Timur,wisata alam,"-4,9901925","105,3360896","Parkir, Toilet, Mushola, Restoran",4,https://encrypted-tbn0.gstatic.com/images?q=tbn:ANd9GcSY_ccquEdtkLhDne3CsfX7YuC1-kSJDPIbvw&s
127,Wisata Danau Kemuning,Lampung Timur,wisata alam,"-5,3057167","105,7353358","Parkir, Toilet, Mushola, Restoran",4.2,https://encrypted-tbn0.gstatic.com/images?q=tbn:ANd9GcQvyGCLMopyv5orOT9fsCOUJSErqL8tQsQquA&s
128,AGROWISATA KEBUN JERUK        ,Lampung Utara,wisata alam,"-4,8600688","104,5719299","Parkir, Toilet, Mushola, Restoran",3.8,https://encrypted-tbn0.gstatic.com/images?q=tbn:ANd9GcTjCISUozbuw1q29YOPXWS0uCxNhT3hvAqGYQ&s
129,Curup Gijul,Lampung Utara,wisata alam,"-4,9857702","104,7386558","Parkir, Toilet, Mushola, Restoran",2.6,https://kelilinglampung.net/wp-content/uploads/2019/04/Air-Terjun-Campang-Gijul-air-terjun-di-lampung-utara-Yandigsa.jpg
130,Bendungan Way Tulung Mas,Lampung Utara,wisata buatan,"-4,9500054","104,7877261","Parkir, Toilet, Mushola, Restoran",3.9,https://lh3.googleusercontent.com/gps-cs-s/AG0ilSzJvMI9_BOTzXLfEkmPtZtj0aoPCwUsozKvXG96hWFd7R-UkaFyLUVT3dlCyP-MdwC8FrsecolAJODXs5kxKegNYOrMJmVRbkKmYiNC3Sd6w_DPUMpGuf2yc_vVPHq0wBU7GjbB=s680-w680-h510-rw
131,Curup Selampung,Lampung Utara,wisata alam,"-4,8086085","104,8628815","Parkir, Toilet, Mushola, Restoran",3.7,https://picture.triptrus.com/image/2014/06/air-terjun-curup-selampung-2.jpeg
132,Curup Sri Ratu Klawas,Lampung Utara,wisata alam,"-4,663910267","104,6505052","Parkir, Toilet, Mushola, Restoran",4.2,https://encrypted-tbn0.gstatic.com/images?q=tbn:ANd9GcSVqtG1QaV--y8LB2LjmcsxTIUspB8uPMb08A&s
133,Embung Cinta Manis,Lampung Utara,wisata buatan,"-4,8178672","104,8686431","Parkir, Toilet, Mushola, Restoran",5,https://encrypted-tbn0.gstatic.com/images?q=tbn:ANd9GcTPdDul1n8_q2Z5Arh1qt9aV_8SH4NFoildig&s
134,Green Bambo,Lampung Utara,wisata alam,-4.909787555,104.72874827,"Parkir, Toilet, Mushola, Restoran",4.4,https://encrypted-tbn0.gstatic.com/images?q=tbn:ANd9GcTcz7ZElAwuWIvvqKw1BzkQP4Q_XW0BD8ukbw&s
135,Green Belt,Lampung Utara,wisata buatan,-4.85161461,104.73779737,"Parkir, Toilet, Mushola, Restoran",4.3,https://encrypted-tbn0.gstatic.com/images?q=tbn:ANd9GcQqmJvSI5M0nf54nS1PDu_3J4JVJzBFBSsOEw&s
136,Kebum Jeruk Bilal,Lampung Utara,wisata buatan,"-4,853432047","104,9299462","Parkir, Toilet, Mushola, Restoran",4,https://encrypted-tbn0.gstatic.com/images?q=tbn:ANd9GcQiS7bKk8xjrsqEwjxmbN-FqbX4tAgS9QhyJw&s
137,Kimal Park,Lampung Utara,wisata buatan,-4.730894, 104.856225,"Parkir, Toilet, Mushola, Restoran",4.2,https://encrypted-tbn0.gstatic.com/images?q=tbn:ANd9GcShaWO1q-iox_ED9W5qFqbpnG8dw4kH3q4HmQ&s
138,Kolam Renang Satria Fortuna,Lampung Utara,wisata buatan,-4.855234,104.6125932,"Parkir, Toilet, Mushola, Restoran",4.1,https://encrypted-tbn0.gstatic.com/images?q=tbn:ANd9GcQkp8UrydKC7qCH7tnBBKIKVQa-ffdYuDZkBA&s
139,Kolam Renang Sri Lestari,Lampung Utara,wisata buatan,-4.84187218, 104.89853491,"Parkir, Toilet, Mushola, Restoran",3.8,https://encrypted-tbn0.gstatic.com/images?q=tbn:ANd9GcQa03uYodrHWxUl2qBitk5saKw3Ujv_1j5ogQ&s
140,Lembah Bambu Kuning,Lampung Utara,wisata buatan,"-5,337400806","105,4731969","Parkir, Toilet, Mushola, Restoran",4.1,https://encrypted-tbn0.gstatic.com/images?q=tbn:ANd9GcSpl7boWcot6JGbP1r7k6JoVVF2GQW3PyPJWw&s
141,Makam Istri Puyang Minah Trio Deso,Lampung Utara,wisata religi,-4.885528,104.59829497,Parkir ,5,https://radarkotabumi.co.id/read/wp-content/uploads/2017/11/Komplek-Makam-Minak-Trio-Diso.-FOTO-IST-dok.-Arkeologi-Lampung.jpg
142,Makam Sayid Abu Bakar Bin Husen Alatas,Lampung Utara,wisata religi,-4.8747208,104.9659839,"Parkir, Toilet, Mushola, Restoran",5,https://encrypted-tbn0.gstatic.com/images?q=tbn:ANd9GcSMTMMDe5VShbiieEUVfSzY8DVOJQyabPd7Uw&s
143,MUSEUM MINI LAMPUNG UTARA,Lampung Utara,wisata budaya,"-4,8086085","104,8628815","Parkir, Toilet ",4.1,https://i.ytimg.com/vi/dTN9Q-uBP5Y/hqdefault.jpg
144,Stadion Sukung Kelapa,Lampung Utara,wisata buatan,"-4,8428964","104,8964491",Parkir ,4,https://encrypted-tbn0.gstatic.com/images?q=tbn:ANd9GcRRASUcnP601bkVBBhddLQEN3zMRPfoEJpX0w&s
145,TAMAN KOLEKTIF SUBIK,Lampung Utara,wisata buatan,"-4,9736126","104,7556382","Parkir, Toilet",4.2,https://encrypted-tbn0.gstatic.com/images?q=tbn:ANd9GcSllyFr2oJy6nmNwlyvxJOYwKwrJ8hoc2fZJw&s
146,Taman Monlee,Lampung Utara,wisata buatan,"-4,8086085","104,8628815","Parkir, Toilet",4,https://sisparnas.com/imgdata/531290.jpg
147,Taman Sahabat,Lampung Utara,wisata buatan,"-4,824678","104,8833743","Parkir, Toilet",4.3,https://encrypted-tbn0.gstatic.com/images?q=tbn:ANd9GcQkYf4n6eRHNPqpe1B0BGXN_zv5rivYRR7qPA&s
148,Taman Wisata Bening Indah,Lampung Utara,wisata buatan,"-4,9313166","104,793019","Parkir, Toilet",4.3,https://encrypted-tbn0.gstatic.com/images?q=tbn:ANd9GcRLNMonCK7q0wbX1SN-huuXwIm0qKps_898mQ&s
149,Taman Wisata Way Rarem,Lampung Utara,wisata buatan,"-4,9313166","104,793019","Parkir, Toilet",4.3,https://encrypted-tbn0.gstatic.com/images?q=tbn:ANd9GcShEb3xgb4UaOslbTTw18pY3ddJxoVZSXfERA&s
150,Wisata Bendungan Tirta Shinta,Lampung Utara,wisata buatan,"-4,8734068","104,7771387","Parkir, Toilet",4.1,https://wonomarto.desa.id/wp-content/uploads/2022/12/WhatsApp-Image-2022-12-31-at-12.59.56.jpeg
151,Tugu Payan Mas,Lampung Utara,wisata budaya,"-3,2963061","114,586271","Parkir, Toilet",4.5,https://lampungpro.co/laravel-filemanager/photos/LAMPUNG%20UTARA/01PAYANMASJUGA.jpg
152,Way Tebabeng,Lampung Utara,wisata buatan,"-4,8086085","104,8628815","Parkir, Toilet",4.2,https://picture.triptrus.com/image/2014/06/bendungan-way-tebabeng.jpeg
153,Alun-Alun Hadi Mulyo,Mesuji,wisata buatan,-4.10512521,105.13131639,"Parkir, Restoran",4.2,https://encrypted-tbn0.gstatic.com/images?q=tbn:ANd9GcSR46xBtvJEL3Mll2pj4RfIkvoEE5VzAqEL3w&s
154,BENDUNGAN ALBARET,Mesuji,wisata buatan,-4.010441787,105.2535674,"Parkir, Toilet, Mushola, Restoran",3.8,https://www.medianasional.id/wp-content/uploads/2022/01/IMG-20220110-WA0000.jpg
155,BENDUNGAN BENIL,Mesuji,wisata buatan,-3.93777277,105.3736727,"Parkir, Toilet, Mushola, Restoran",4.4,https://assets.promediateknologi.id/crop/0x0:0x0/0x0/webp/photo/p3/139/2025/09/21/Pesona-Tersembunyi-di-Lampung-Liburan-Seru-di-Bendungan-Batu-Tegi-3867593024.jpg
156,Bendungan Brabasan,Mesuji,wisata buatan,-3.98631817,105.33571138,"Parkir, Toilet, Mushola, Restoran",5,https://encrypted-tbn0.gstatic.com/images?q=tbn:ANd9GcTylLYxG1fT8zwJlNo7o_Su5yto9ojHyQAolg&s
157,DANAU ASRI BUKO POSO,Mesuji,wisata alam,"-4,1832679","105,1623405","Parkir, Toilet, Mushola, Restoran",4.1,https://encrypted-tbn0.gstatic.com/images?q=tbn:ANd9GcRmPLMPTvQRuMmxxCUUoRTj86MVE98kJBmjwA&s
158,DERMAGA WIRALAGA MESUJI,Mesuji,wisata buatan,"-3,97541905","105,3749436","Parkir, Toilet, Mushola, Restoran",4.5,https://i.ytimg.com/vi/7B2ZiW1fads/maxresdefault.jpg
159,EMBUNG BUMI HARAPAN,Mesuji,wisata buatan,"-4,2088402","105,1266106","Parkir, Toilet, Mushola, Restoran",,https://sisparnas.kemenpar.go.id/imgdata/304850.jpg
160,Embung Hadi Mulyo,Mesuji,wisata buatan,-4.10428661,105.12136501,"Parkir, Toilet, Mushola, Restoran",1,https://sisparnas.kemenpar.go.id/imgdata/1087041.jpg
161,EMBUNG SUKA AGUNG,Mesuji,wisata buatan,"-4,021233","105,1692143","Parkir, Toilet, Mushola, Restoran",5,https://sisparnas.kemenpar.go.id/imgdata/661970.jpg
162,QARIRA GAREDEN,Mesuji,wisata buatan,-4.2061775, 105.1275573,"Parkir, Toilet, Mushola, Restoran",3.7,https://asset-2.tribunnews.com/lampung/foto/bank/originals/wisata-air-qarila-garden.jpg
163,REST AREA 234,Mesuji,wisata buatan,"-4,0813536","105,1586932","Parkir, Toilet, Mushola, Restoran",4.5,https://kfmap.asia/storage/thumbs/storage/photos/ID.LPG.RA.KM234A/ID.LPG.RA.KM234A_1.png
164,TAMAN KEHATI WATERPARK,Mesuji,wisata buatan,"-4,0962764","105,4605685","Parkir, Toilet, Mushola, Restoran",4.3,https://encrypted-tbn0.gstatic.com/images?q=tbn:ANd9GcRuvycV8SsDNW-cZZlvTeRx9koAhr8LZoVI2g&s
165,TAMAN NUSA INDAH BRABASAN,Mesuji,wisata buatan,-3.989969,105.33708174,"Parkir, Toilet, Mushola, Restoran",3.9,https://sisparnas.kemenpar.go.id/imgdata/1298740.jpg
166,TUGU KEANEKARAGAMAN HAYATI,Mesuji,wisata buatan,"-3,95363005","105,3255469","Parkir, Toilet, Mushola, Restoran",4.2,https://encrypted-tbn0.gstatic.com/images?q=tbn:ANd9GcQQKJX19f1bzn0iipnD9jwP9Ufb1XyrhCZg7w&s
167,WATERBOOM RAYA TIRTA MULYA,Mesuji,wisata buatan,"-3,9521584","105,3657344","Parkir, Toilet, Mushola, Restoran",4.8,https://encrypted-tbn0.gstatic.com/images?q=tbn:ANd9GcQCIqBeOC_52ckmtE3CJy0fTgFkRm3JXWdXJA&s
168,WISATA SUNGAI KABUNG,Mesuji,wisata alam,-3.8443119,105.4889631,"Parkir, Toilet, Mushola, Restoran",4.7,https://cdn.aliansinews.id/files/images/full/1632371187.jpg
169,WISATA SUSUR SUNGAI,Mesuji,wisata buatan,-3.8414324,105.4868334,"Parkir, Toilet, Mushola, Restoran",5,https://asset-2.tribunnews.com/travel/foto/bank/images/Potret-Wisata-Wiralaga.jpg
170,Tugu Sepasang Pengantin,Mesuji,wisata budaya,"-5,3796243","105,0944259","Parkir, Toilet, Mushola, Restoran",4.3,https://upload.wikimedia.org/wikipedia/commons/5/5c/Tugu_Pengantin_Mesuji.jpg
171,AGRO WISATA ABANG FAREL,Pesawaran,wisata buatan,-5.156832,105.2136965,"Parkir, Toilet, Mushola, Restoran",5,https://img.antarafoto.com/cache/1200x801/2023/04/08/wisata-agro-farm-buah-melon-premium-14yzl-dom.jpg
172,Air Terjun Anglo Kaliawi,Pesawaran,wisata alam,-5.5354283,105.0696752,"Parkir, Toilet, Mushola, Restoran",4.4,https://kelilinglampung.net/wp-content/uploads/2021/01/Air-Terjun-Anglo-Kaliawi-Gunungrejo-Pesawaran-Lampung-ichsaan14.jpg
173,AIR TERJUN GUNUNG BETUNG,Pesawaran,wisata alam,"-5,433333","105,166667","Parkir, Toilet, Mushola, Restoran",4.6,https://encrypted-tbn0.gstatic.com/images?q=tbn:ANd9GcQcoY2Hpxbabq41hj2IpBpB464iNO2fMB0wgw&s
174,Air Terjun Kembar Rindu Alam,Pesawaran,wisata alam,-5.5819311,105.0592779,"Parkir, Toilet, Mushola, Restoran",4.8,https://encrypted-tbn0.gstatic.com/images?q=tbn:ANd9GcQzxoD51023jAivg4WEo02-Sag3Bu9ltrXtKQ&s
175,AIR TERJUN SENTUL JAYA,Pesawaran,wisata alam,"-5,762322075","105,6850351","Parkir, Toilet, Mushola, Restoran",4.6,https://encrypted-tbn0.gstatic.com/images?q=tbn:ANd9GcSBxEkCw4_rz2pIPA7htJ4COViBNdeVy2bSCw&s
176,AIR TERJUN SINAR TIGA,Pesawaran,wisata alam,-5.53013744,105.1034834,"Parkir, Toilet, Mushola, Restoran",4.7,https://krakatau.id/wp-content/uploads/2023/08/Air-Terjun-Sinar-Tiga.jpeg
177,AMANDADI RIVERSIDE,Pesawaran,wisata alam,-5.41596265,105.0972234,"Parkir, Toilet, Mushola, Restoran",4.4,"https://blue.kumparan.com/image/upload/fl_progressive,fl_lossy,c_fill,f_auto,q_auto:best,w_640/v1634025439/01gqysycwm1s5mv0m2yman6824.jpg"
178,Bensam Beach,Pesawaran,wisata alam,-5.5781921,105.2005257,"Parkir, Toilet, Mushola, Restoran",4.8,https://asset-2.tribunnews.com/travel/foto/bank/images/Suasana-di-Pantai-Bensam.jpg
179,BUKIT PERKEMAHAN BUKIT CENDANA,Pesawaran,wisata alam,"-5,4562179","105,2483994","Parkir, Toilet, Mushola, Restoran",4.5,https://e-pengendalian-provlampung.com/uploadFile/berita/11_bukit-cendana-min.jpg
180,BUKIT TALANG MULYA (AGRO WISATA),Pesawaran,wisata alam,-5.460281, 105.191761,"Parkir, Toilet, Mushola, Restoran",4.4,https://kelilinglampung.net/wp-content/uploads/2019/06/Agro-Wisata-Desa-Talang-Mulya-1280x960.jpg
181,ECO-MANGROVE CUKU NYI-NYI,Pesawaran,wisata alam,-5.5621598,105.244755,"Parkir, Toilet, Mushola, Restoran",4.6,https://lampungpro.co/laravel-filemanager/photos/PESAWARAN/IMG-20240929-WA0035.jpg
182,Embung Purworejo,Pesawaran,wisata buatan,"-5,3452761","105,0821097","Parkir, Toilet, Mushola, Restoran",4.1,https://encrypted-tbn0.gstatic.com/images?q=tbn:ANd9GcTaSTv9UGAy8HGRuhHiqiAz5sxlc21FSelTIQ&s
183,Hutan Mangrove Petengoran,Pesawaran,wisata alam,"-5,47813585","105,1261399","Parkir, Toilet, Mushola, Restoran",4.5,https://encrypted-tbn0.gstatic.com/images?q=tbn:ANd9GcRq7WcAG0w85GsKM08yZT3TESJMDl9J-dmeCw&s
184,JEJAMA KHAM TAPIS,Pesawaran,wisata budaya,-5.3265239,105.1052168,"Parkir, Toilet, Mushola, Restoran",4.9,https://sisparnas.kemenparekraf.go.id/imgdata/638160.jpg
185,KOLAM RENANG CITRA SEWU,Pesawaran,wisata buatan,-5.5750601,105.230843,"Parkir, Toilet, Mushola, Restoran",4.5,https://sisparnas.kemenparekraf.go.id/imgdata/1020340.jpg
186,KOLAM RENANG LEMBAH DAMAI,Pesawaran,wisata buatan,-5.4395937,105.0951726,"Parkir, Toilet, Mushola, Restoran",4.9,https://assets.pikiran-rakyat.com/crop/0x0:0x0/750x500/photo/2023/08/22/89536404.jpg
187,Kolam Renang Pesawaran City,Pesawaran,wisata buatan,-5.3970635,105.078977,"Parkir, Toilet, Mushola, Restoran",2.7,https://kelilinglampung.net/wp-content/uploads/2022/10/Kolam-Renang-Pesawaran-City-Pesawaran-City-Water-Park-di-Gedong-Tataan-Muhamad-Syaefudin.jpg
188,KOLAM RENANG SUNJOYO,Pesawaran,wisata buatan,-5.380904,105.135375,"Parkir, Toilet, Mushola, Restoran",4.6,https://lh5.googleusercontent.com/p/AF1QipP7kGt8stxbu1hq7ETuEIbFDIZR7lJs1kz0pGgx=w426-h240-k-no
189,KOLAM RENANG TIRTO SANTOSO,Pesawaran,wisata buatan,-5.3670305,105.1637241,"Parkir, Toilet, Mushola, Restoran",4.1,https://sisparnas.com/imgdata/583711.jpg
190,Way Labu City Swimming Pool,Pesawaran,wisata buatan,-5.44110101,105.0236405,"Parkir, Toilet, Mushola, Restoran",4,https://encrypted-tbn0.gstatic.com/images?q=tbn:ANd9GcTXtBAZDecN2RdGmkfskSOgRfzyUfKCbDRKqQ&s
191,MS Town Pantai Mutun,Pesawaran,wisata alam,"-5,5095584","105,2568023","Parkir, Toilet, Mushola, Restoran",4.3,https://sisparnas.kemenparekraf.go.id/imgdata/146520.jpg
192,MUNCAK TEROPONG LAUT,Pesawaran,wisata alam,-5.4854905,105.2440154,"Parkir, Toilet, Mushola, Restoran",4.4,https://www.backpackerlampung.com/wp-content/uploads/2020/05/muncak-teropong-laut-3_qzcvdh.png
193,Museum Transmigrasi,Pesawaran,wisata budaya,"-5,3776549","105,1071594","Parkir, Toilet, Mushola, Restoran",4.5,https://encrypted-tbn0.gstatic.com/images?q=tbn:ANd9GcSgRB9tiu--JTnYT3k2ptG3ZSMeYaxz_QnOJA&s
194,PANTAI D'RAJASH,Pesawaran,wisata alam,"-5,83815745","105,2314414","Parkir, Toilet, Mushola, Restoran",4.4,https://assets.promediateknologi.id/crop/0x0:0x0/750x500/webp/photo/2022/08/28/4208258649.jpg
195,Pantai Dewi Mandapa,Pesawaran,wisata alam,"-5,463120884","105,2455524","Parkir, Toilet, Mushola, Restoran",3.8,https://encrypted-tbn0.gstatic.com/images?q=tbn:ANd9GcRQ4oZpEowla0Kg5f-YOd4Z-4LpUKMqOpSfeg&s
196,PANTAI KETAPANG BAHARI,Pesawaran,wisata alam,"-5,68879","105,1798887","Parkir, Toilet, Mushola, Restoran",4.5,https://encrypted-tbn0.gstatic.com/images?q=tbn:ANd9GcTKpTdNw2iP3e05AYDfE60D35VdmA99gRvl0g&s
197,Pantai Klara 2,Pesawaran,wisata alam,"-5,387603074","105,2046539","Parkir, Toilet, Mushola, Restoran",4.6,https://encrypted-tbn0.gstatic.com/images?q=tbn:ANd9GcQ2SQzYSHLVocye1sRwlFCk7eObPtEAOq8A7A&s
198,Pantai Klara I,Pesawaran,wisata alam,"-5,4559573","105,084691","Parkir, Toilet, Mushola, Restoran",4.4,https://cdn.rri.co.id/berita/Bandar_Lampung/o/1730272422709-Pantai_Klara_Lampung/owpsf3cuyfq5cmh.webp
199,Pantai Pulau Tembikil,Pesawaran,wisata alam,"-5,81899565","105,3429871","Parkir, Toilet, Mushola, Restoran",4.4,https://encrypted-tbn0.gstatic.com/images?q=tbn:ANd9GcT-nnDFhXqH-Xz7a51VAeQjloeNN38H14zdFQ&s
200,Pantai Putri Distian Mutun,Pesawaran,wisata alam,"-5,5095584","105,2568023","Parkir, Toilet, Mushola, Restoran",4.5,https://encrypted-tbn0.gstatic.com/images?q=tbn:ANd9GcRg5aT7KUtQt_dIysuBVuiSM-Y4NbzwH5ePBg&s
201,Pantai Sari Ringgung,Pesawaran,wisata alam,"-5,82853425","105,2652327","Parkir, Toilet, Mushola, Restoran",4.2,https://awsimages.detik.net.id/community/media/visual/2020/06/22/pantai-sari-ringgung-1.jpeg?w=600&q=90
202,PUNGKI PARK,Pesawaran,wisata buatan,"-5,366025605","105,2035967","Parkir, Toilet, Mushola, Restoran",4.5,https://cdn.rri.co.id/berita/27/images/1703227528511-0/aweuhqy17y71xx3.avif
203,Saung Djunjungan,Pesawaran,wisata buatan,-5.3575044,105.1842525,"Parkir, Toilet, Mushola, Restoran",4.4,https://encrypted-tbn0.gstatic.com/images?q=tbn:ANd9GcTU8Lqh_4C7pR4QQE3OCHo6mbREZRv4d1qvCQ&s
204,Sungai Kali Bronjong,Pesawaran,wisata alam,"-5,3886773","105,1540168","Parkir, Toilet, Mushola, Restoran",4.4,https://encrypted-tbn0.gstatic.com/images?q=tbn:ANd9GcSp9he9LSSUYMDu2y3xwQD6UfYDPGGOiCG7pg&s
205,Taman Bukit Raya,Pesawaran,wisata alam,-5.33490481,105.0615413,"Parkir, Toilet, Mushola, Restoran",4\.6,https://encrypted-tbn0.gstatic.com/images?q=tbn:ANd9GcTiDOML1c0dLqo5uFlP2ZcckQVAJWCsE7Xp-A&s
206,WATERBOOM W&W,Pesawaran,wisata buatan,"-4,9373689","105,7283403","Parkir, Toilet, Mushola, Restoran",4.3,https://encrypted-tbn0.gstatic.com/images?q=tbn:ANd9GcRDDT3ANSQEEidJsUqTrVWFkNh9KaF8Jc71Uw&s
207,WISATA ALAM PUNGGUNG NAGA,Pesawaran,wisata alam,"-5,257727101","105,1768654","Parkir, Toilet, Mushola, Restoran",4.6,https://kelilinglampung.net/wp-content/uploads/2021/02/Foto-Gambar-Wisata-Puncak-Punggung-Naga-Sukmoilang-Pesawaran-Indah-kelilinglampung.net-3.jpg
208,WISATA ALAM WAY MIOS,Pesawaran,wisata alam,"-5,5828471","105,0499274","Parkir, Toilet, Mushola, Restoran",4.5,https://radarlampung.disway.id/upload/134b8d0d7760f9cc3809136d3732e91d.jpg
209,Youth Camp Tahura,Pesawaran,wisata alam,-5.412418,105.1869457,"Parkir, Toilet, Mushola, Restoran",4.5,https://encrypted-tbn0.gstatic.com/images?q=tbn:ANd9GcRH3Ln6J0XRWgRJpwTa1h3HJ2-PyvTA1tMXVQ&s
210,1&2 Bee Free,Pesisir Barat,wisata alam,-5.304808,103.998520,"Parkir, Toilet, Restoran",5,https://sisparnas.kemenpar.go.id/imgdata/998901.jpg
211,Kawasan Wisata Labuhan Jukung,Pesisir Barat,wisata alam,-5.1900074,103.9316644,"Parkir, Toilet, Mushola, Restoran",4.5,https://encrypted-tbn0.gstatic.com/images?q=tbn:ANd9GcT9YG-guzpF2PcESYRcRd20g8Mjkgu2CkgOAw&s
212,Kedai Ram T. setia,Pesisir Barat,wisata alam,-5.3155212,103.994593,"Parkir, Toilet, Mushola, Restoran",5,https://sisparnas.kemenpar.go.id/imgdata/638060.jpg
213,Objek WIsata Goa Matu,Pesisir Barat,wisata alam,-5.121839,103.9018393,"Parkir, Toilet, Mushola, Restoran",4,https://www.kupastuntas.co/uploads/posts/mengenal-objek-wisata-religi-gua-matu-pesibar-lamp_20210821081224.jpg
214,Pantai Mandiri,Pesisir Barat,wisata alam,-5.24841187,103.9715979,"Parkir, Toilet, Mushola, Restoran",4.6,https://encrypted-tbn0.gstatic.com/images?q=tbn:ANd9GcTlQqOsBnDYQFYTCz0hRz2gO-wLy3oEHd30SA&s
215,Mirau Malaya Stone,Pesisir Barat,wisata alam,-4.9685267,103.7178197,"Parkir, Toilet, Mushola, Restoran",4.7,https://encrypted-tbn0.gstatic.com/images?q=tbn:ANd9GcQtIKYibDNUavXBCfbJ0mm6qd0M3a6YZbCOCQ&s
216,Pantai Batu Tihang,Pesisir Barat,wisata alam,-5.0507147,103.8151774,"Parkir, Toilet, Mushola, Restoran",4.6,https://upload.wikimedia.org/wikipedia/commons/8/85/Pantai_Batu_Tihang.jpg
217,Pantai Hanibung,Pesisir Barat,wisata alam,-5.1828726,103.96570008,"Parkir, Toilet, Mushola, Restoran",5,https://sisparnas.com/imgdata/515051.jpg
218,Pantai Pesisir Way Sindi,Pesisir Barat,wisata alam,-5.12867546,103.91258353,"Parkir, Toilet, Mushola, Restoran",4.3,https://image.idn.media/post/20231230/snapinstaapp-64715641-2325103500901637-2064988219624651476-n-1080-1c073b248264dac7c148c63236d19fbf-aaf046235fcfa8b2075abaf6bb68b431.jpg
219,Pantai Krui,Pesisir Barat,wisata alam,-5.05746149, 103.9202627,"Parkir, Toilet, Mushola, Restoran",4.6,https://www.backpackerlampung.com/wp-content/uploads/2023/02/paket-pulau-pisang-lampung.jpg
220,Kedai Kubu Giom,Pesisir Barat,wisata alam,-5.247941,103.9652244,"Parkir, Toilet, Mushola, Restoran",5,https://sisparnas.kemenparekraf.go.id/imgdata/999011.jpg
221,Pantai Labuhan Bakhu,Pesisir Barat,wisata alam,-5.43607120,104.1104754,"Parkir, Toilet, Mushola, Restoran",4.5,https://encrypted-tbn0.gstatic.com/images?q=tbn:ANd9GcSj1r9Xdl45gMWETc5YdXS6dDvlUClkCHyMCg&s
222,Pantai Pasir Putih,Pesisir Barat,wisata alam,-5.11515539,104.0490675,"Parkir, Toilet, Mushola, Restoran",4.8,https://asset.kompas.com/crops/44I0kGCG-OgImLqXL2j-2GliEUI=/5x0:773x512/1200x800/data/photo/2022/01/09/61daccbb4eb3e.png
223,Pantai Penaga Resort,Pesisir Barat,wisata alam,"-5,0677943","103,9327175","Parkir, Toilet, Mushola, Restoran",5,https://sisparnas.com/imgdata/638171.jpg
224,Pantai Ilahan,Pesisir Barat,wisata alam,-5.2329741,103.9093314,"Parkir, Toilet, Mushola, Restoran",4.8,https://encrypted-tbn0.gstatic.com/images?q=tbn:ANd9GcRn4ZtLbCL4h2JW3oaazzwBmhvFSbF8wB--bQ&s
225,BMJ,Pringsewu,wisata alam,"-5,3811852","105,0533986","Parkir, Toilet, Mushola, Restoran",4.3,https://encrypted-tbn0.gstatic.com/images?q=tbn:ANd9GcQ0HVitvBrM8QWvk55Mwic2UZ9gltDvFbaQ6A&s
226,Bukit Tursina,Pringsewu,wisata alam,"-5,340470838","104,9859216","Parkir, Toilet, Mushola, Restoran",4.2,https://i.ytimg.com/vi/PB_72tZR2Qc/hq720.jpg?sqp=-oaymwEhCK4FEIIDSFryq4qpAxMIARUAAAAAGAElAADIQj0AgKJD&rs=AOn4CLCATY49Fs_JU69hU_n4-ZU1gT9zTA
227,Cakra Pesona,Pringsewu,wisata buatan,"-5,35818205","105,006534","Parkir, Toilet, Mushola, Restoran",4.3,https://encrypted-tbn0.gstatic.com/images?q=tbn:ANd9GcQyeaNeaYaBTFKOaW51xJOKoFugzYMP2S7EUA&s
228,CekDam Fajar Agung,Pringsewu,wisata buatan,"-5,3525114","105,0553877","Parkir, Toilet, Mushola, Restoran",5,https://encrypted-tbn0.gstatic.com/images?q=tbn:ANd9GcSYr7ovY2H3LfHGhms5KCiSOGhKVVDE6rpzKQ&s
229,Eco Taman Sari,Pringsewu,wisata buatan,"-5,7121296","105,7601467","Parkir, Toilet, Mushola, Restoran",4.3,https://encrypted-tbn0.gstatic.com/images?q=tbn:ANd9GcSrLDi9Tskcqh5R4frffXGCMp_SOmdyaHmXQg&s
230,Maria Padang Bulan Cave,Pringsewu,wisata alam,-5.35063485,104.949647,"Parkir, Toilet, Mushola, Restoran",4.7,https://cdn0-production-images-kly.akamaized.net/-UD3zAiYZPZxH7VUACyIdlo0xTU=/1200x675/smart/filters:quality(75):strip_icc():format(jpeg)/kly-media-production/medias/1362/original/131130aguamaria.jpg
231,Jembatan Talang 1,Pringsewu,wisata buatan,-5.3575464,104.9375787,"Parkir, Toilet, Mushola, Restoran",4.3,https://encrypted-tbn0.gstatic.com/images?q=tbn:ANd9GcTXEXpSy9f6vLlZLAKSUb-sATce1U5Aiq_iig&s
232,Lanakila Lake,Pringsewu,wisata alam,-5.3419875,104.909426,"Parkir, Toilet, Mushola, Restoran",4.5,https://encrypted-tbn0.gstatic.com/images?q=tbn:ANd9GcSWs4L4uMAsviChJZDKu6fTlZBqtueGKZVXTQ&s
233,Lembah Akasia,Pringsewu,wisata alam,"-5,3562517","104,9162892","Parkir, Toilet, Mushola, Restoran",4.4,https://encrypted-tbn0.gstatic.com/images?q=tbn:ANd9GcQ-bbAom_65R3aJ5VVTkj3xhOCO8Zf_RTQpdw&s
234,Ndoro Putri,Pringsewu,wisata buatan,"-5,3600754","104,9940993","Parkir, Toilet, Mushola, Restoran",4.3,https://sisparnas.kemenparekraf.go.id/imgdata/690180.jpg
235,Princhsto,Pringsewu,wisata buatan,"-5,36668925","104,9722121","Parkir, Toilet, Mushola, Restoran",4.5,https://thumb.viva.id/vivalampung/665x374/2022/11/09/636b4e438e23a-wahana-kuda-di-prichsto_lampung.jpg
236,Pura Giri Sutra Mandala,Pringsewu,wisata budaya,-5.3347304,105.0595727,"Parkir, Toilet, Mushola, Restoran",4.7,https://encrypted-tbn0.gstatic.com/images?q=tbn:ANd9GcQM_n141hN_NluvB32-u7div5cVC3cm4w0Ywg&s
237,REST Area Pringsewu,Pringsewu,wisata buatan,"-5,3725775","105,0122772","Parkir, Toilet, Mushola, Restoran",4.5,https://lampung.rilis.id/image/2022/05/0842IcssO_IMG-20220508-WA0000.jpg
238,Rumah Kalkun,Pringsewu,wisata buatan,"-5,3592667","104,9922256","Parkir, Toilet, Mushola, Restoran",4.6,https://encrypted-tbn0.gstatic.com/images?q=tbn:ANd9GcS9aaYVowNO3WcqCd9rySFO5pqX0AYy9DzlEw&s
239,Saung Cempedak,Pringsewu,wisata buatan,"-5,3567875","104,981605","Parkir, Toilet, Mushola, Restoran",4.5,https://lampuung.com/wp-content/uploads/2021/05/IMG-20210507-WA0010.jpg
240,SENJA WISATA RUMAH KAYU,Pringsewu,wisata buatan,"-5,356496","104,971839","Parkir, Toilet, Mushola, Restoran",4.3,https://publikasilampung.id/wp-content/uploads/2023/10/Foto-Gambar-Taman-Wisata-Senja-Rumah-Kayu-Mary-Grace-Exconde.jpg
241,Sentral Industri Tahu,Pringsewu,wisata buatan,"-6,93194735","107,5783029","Parkir, Toilet, Mushola, Restoran",4.4,https://encrypted-tbn0.gstatic.com/images?q=tbn:ANd9GcTCu_fC_17S0jkQF0xYYmvDlRisDpOFyKS_4g&s
242,Talang Indah,Pringsewu,wisata buatan,"-5,340414327","104,9842509","Parkir, Toilet, Mushola, Restoran",3.9,https://encrypted-tbn0.gstatic.com/images?q=tbn:ANd9GcQ4unzHxn6IKoC9OpBFBW9zlB2SgM02gl9utg&s
243,Talang Resort,Pringsewu,wisata buatan,-5.3579577,104.93707448,"Parkir, Toilet, Mushola, Restoran",4,https://encrypted-tbn0.gstatic.com/images?q=tbn:ANd9GcS6AzG_xYHiEOLwGiZiAgk7Gpix4DA4lUFI0g&s
244,Taman Jomblo,Pringsewu,wisata buatan,-5.2999988,104.9195947,"Parkir, Toilet, Mushola, Restoran",4.2,https://newslampungterkini.com/wp-content/uploads/2020/07/TAMAN-JOMBLO-PRINGSEWU-LAMPUNG-4.jpg
245,TAMAN KUDA PRINGSEWU,Pringsewu,wisata buatan,-5.342480043,105.0262462,"Parkir, Toilet, Mushola, Restoran",4.6,https://encrypted-tbn0.gstatic.com/images?q=tbn:ANd9GcSX9Or92yp20l8YwWs5iA0z5nwRWkT0Kp0F4Q&s
246,Taman Lantana,Pringsewu,wisata buatan,-5.3656837,105.061629,"Parkir, Toilet, Mushola, Restoran",5,https://encrypted-tbn0.gstatic.com/images?q=tbn:ANd9GcQ9hGIF0bOMMSUaV8DbdvUcvIJ58esq15QyPQ&s
247,WISATA SABAH PAJARAGUNG,Pringsewu,wisata buatan,-5.36277729,104.9520763,"Parkir, Toilet, Mushola, Restoran",5,https://asset.tribunnews.com/k3GpcM8QQnwz2qTxO5-jHtIpTww=/1200x675/filters:upscale():quality(30):format(webp):focal(0.5x0.5:0.5x0.5)/lampung/foto/bank/originals/bukit-pjr_20180802_135044.jpg
248,Taman Sabin Wonodadi,Pringsewu,wisata buatan,-5.3824742,105.0552499,"Parkir, Toilet, Mushola, Restoran",4.3,https://encrypted-tbn0.gstatic.com/images?q=tbn:ANd9GcTykLbSL2idorVHG2XnXjeE4XJCjUOyPRPxMg&s
249,TAMAN SADRINA,Pringsewu,wisata buatan,-5.34295135,104.8925196,"Parkir, Toilet, Mushola, Restoran",4.7,https://radarlampung.disway.id/upload/94a5dea32f637ff889f6cccb730947d9.jpg
250,Taman Senja Wisata,Pringsewu,wisata buatan,"-4,9313166","104,793019","Parkir, Toilet, Mushola, Restoran",4.3,https://sisparnas.kemenparekraf.go.id/imgdata/616980.jpg
251,Taman Tirta Asri,Pringsewu,wisata buatan,"-5,0271314","105,5037537","Parkir, Toilet, Mushola, Restoran",4.3,https://encrypted-tbn0.gstatic.com/images?q=tbn:ANd9GcRQDbdjgVzgT114IRkeoFozzXBPUOWn5_vN0A&s
252,Wisata Batu Kelir,Pringsewu,wisata buatan,-5.4020502,104.9389117,"Parkir, Toilet, Mushola, Restoran",5,https://encrypted-tbn0.gstatic.com/images?q=tbn:ANd9GcQG8eXbI1Kv-lTj1ZpOWjoeQci5X8JBsFXz5w&s
253,Telaga Mas Ngudi Rukun,Pringsewu,wisata buatan,-5.3159614,104.9661713,"Parkir, Toilet, Mushola, Restoran",4.7,https://encrypted-tbn0.gstatic.com/images?q=tbn:ANd9GcRlegzjUHaYhzHnQWi_tFnRHdKn3O3bF4Wppg&s
254,Telaga Gupit,Pringsewu,wisata alam,"-5,3811601","105,0239998","Parkir, Toilet, Mushola, Restoran",4,https://www.harianpilar.com/files/2018/07/Telaga-Gupit.jpg
255,Teluk Kenyo,Pringsewu,wisata alam,"-5,3573955","104,9590135","Parkir, Toilet, Mushola, Restoran",4.6,https://kupastuntas.co/uploads/posts/wisata-lampung-teluk-kenyo-destinasi-wisata-baru-d_20211105212042.jpg
256,Tugu Pringsewu,Pringsewu,wisata budaya,"-5,3721346","105,0120469","Parkir, Toilet, Mushola, Restoran",4.5,https://encrypted-tbn0.gstatic.com/images?q=tbn:ANd9GcTQ7VnODzazw0eJGL7AB5My9HEgDIXrPAFo1Q&s
257,Kolam Renang Way Lunik,Pringsewu,wisata buatan,-5.3368976,104.9750675,"Parkir, Toilet, Mushola, Restoran",4.6,https://sisparnas.kemenpar.go.id/imgdata/1319030.jpg
258,WISATA RATU BANYU,Pringsewu,wisata buatan,"-5,2579578","104,9052995","Parkir, Toilet, Mushola, Restoran",4.5,https://encrypted-tbn0.gstatic.com/images?q=tbn:ANd9GcQvGEW0cL201vDzEV8yW4ufXEAgCLjLDxro0A&s
259,YY WATER PLAY,Pringsewu,wisata buatan,"-5,5862631","105,3887431","Parkir, Toilet, Mushola, Restoran",4.4,https://sisparnas.kemenpar.go.id/imgdata/1318970.jpg
260,Pantai Badak,Tanggamus,wisata alam,"-5,626914","104,8730308","Parkir, Toilet, Mushola, Restoran",4.2,https://encrypted-tbn0.gstatic.com/images?q=tbn:ANd9GcS9JNyrytdD_CJ5cyaL7DgnSk-TMkEE5Dw3ng&s
261,Pantai Muara Baru,Tanggamus,wisata alam,"-5,2893872","104,5601056","Parkir, Toilet, Mushola, Restoran",4.6,https://paltv.disway.id/upload/aa1d1b955cc8f07912e9c08aa6098a08.jpeg
262,Agrowisata Jambu Kristal,Tanggamus,wisata buatan,"-5,4732113","104,599396","Parkir, Toilet, Mushola, Restoran",4.6,https://dynamic-media-cdn.tripadvisor.com/media/photo-o/17/26/9b/a1/selampung-1555177268737.jpg?w=1200&h=-1&s=1
263,Air terjun batususun bakoman,Tanggamus,wisata alam,"-5,3123486","104,6530977","Parkir, Toilet, Mushola, Restoran",4.8,https://statics.indozone.news/local/6379a236781e7.jpg
264,Air terjun lamuran,Tanggamus,wisata alam,"-5,1059692","104,1956663","Parkir, Toilet, Mushola, Restoran",4.7,https://lampung.rilis.id/image/2023/12/20qk38QJB_IMG-20231220-WA0046.jpg
265,Air Terjun Lembah Pelangi,Tanggamus,wisata alam,-5.33302486,104.5459109,"Parkir, Toilet, Mushola, Restoran",4.5,https://awsimages.detik.net.id/community/media/visual/2020/07/22/air-terjun-lembah-pelangi-1_169.jpeg?w=600&q=90
266,Air terjun Way kerap,Tanggamus,wisata alam,"-5,4769422","104,4440815","Parkir, Toilet, Mushola, Restoran",4.5,https://encrypted-tbn0.gstatic.com/images?q=tbn:ANd9GcQeCk0SpYWMgKC5NhjlXCF_hizAC-jg_wwVjA&s
267,Gisting Idaman Hill,Tanggamus,wisata alam,-5.4315643,104.72746785,"Parkir, Toilet, Mushola, Restoran",4.4,https://kelilinglampung.net/wp-content/uploads/2020/01/Bukit-Idaman-Gisting-Atas-Tanggamus-@dwi_widian017.jpg
268,Butterfly Swiming Pool,Tanggamus,wisata buatan,"-5,51405375","104,7771435","Parkir, Toilet, Mushola, Restoran",4.2,https://encrypted-tbn0.gstatic.com/images?q=tbn:ANd9GcRjW4FntkYKZiTb8OQOehLEI9qbD7tQvIU0gQ&s
269,Pantai Cemara Beach & Camp Digul,Tanggamus,wisata alam,-5.51070157,104.5636917,"Parkir, Toilet, Mushola, Restoran",4.9,https://encrypted-tbn0.gstatic.com/images?q=tbn:ANd9GcSVpvHTQgQgLh87h2I9-JMcsfIN1e9ol5Jn6A&s
270,Curup Jarum Lebuay,Tanggamus,wisata alam,"-5,1648745","104,7000174","Parkir, Toilet, Mushola, Restoran",4.7,https://radartanggamus.disway.id/upload/001a50e9b63a0293fd651146a74550cc.jpg
271,Air Panas Danau Hijau Ulubelu,Tanggamus,wisata alam,-5.323041,104.5752834,"Parkir, Toilet, Mushola, Restoran",4,https://radartanggamus.disway.id/upload/e6419d5ebacdb9599c36d4e94bc8df10.jpg
272,Dermaga Batu balai,Tanggamus,wisata buatan,"-5,2911985","104,6805064","Parkir, Toilet, Mushola, Restoran",4.5,https://encrypted-tbn0.gstatic.com/images?q=tbn:ANd9GcRZPSW3hqZpNG8erkiU6HInioG96MFLiVkLig&s
273,Karang Nalu,Tanggamus,wisata alam,"-5,7308103","104,6436405","Parkir, Toilet, Mushola, Restoran",5,https://sisparnas.kemenpar.go.id/imgdata/1305131.jpg
274,Laguna Gayau,Tanggamus,wisata alam,"-5,4949353","104,6184586","Parkir, Toilet, Mushola, Restoran",4.7,https://jadesta.kemenparekraf.go.id/imgpost/20647.jpg
275,Lentana Garden,Tanggamus,wisata buatan,-5.4436413,104.724886,"Parkir, Toilet, Mushola, Restoran",4.5,https://asset-2.tstatic.net/lampung/foto/bank/images/Lentana-Garden-di-Pekon-Gisting-Atas-Tanggamus-13112022.jpg
276,Margo Tirto,Tanggamus,wisata buatan,"-5,3856529","104,9753501","Parkir, Toilet, Mushola, Restoran",4.3,https://encrypted-tbn0.gstatic.com/images?q=tbn:ANd9GcTg8zxq_HWZIHtGJLU1xrHe4NgH4kQoR70Tgw&s
277,Mata Air Simpang Kanan,Tanggamus,wisata alam,"-5,3904303","104,7081477","Parkir, Toilet, Restoran",4.3,https://cdn.rri.co.id/berita/Bandar_Lampung/o/1753259419785-cbe23c89-9cc0-489f-bd7f-f4dcac7caac0/ltqxyos6qvjt0m5.jpeg
278,Mata Air Sumber Agung,Tanggamus,wisata alam,"-5,4074378","104,9294121","Parkir, Toilet, Restoran",4.4,https://image.idntimes.com/post/20250602/snapins-ai-2637922166286771482-f80127370ccf18504a3bfbd4635edcb8.jpg
279,Pantai digoel,Tanggamus,wisata alam,-5.48907423,104.559468,"Parkir, Toilet, Restoran",4.4,https://sisparnas.kemenpar.go.id/imgdata/583131.jpg
280,Pantai Bahari Pekon Tanjung Agung,Tanggamus,wisata alam,-5.486370307,104.574867,"Parkir, Toilet, Restoran",,https://sisparnas.kemenpar.go.id/imgdata/583090.jpg
281,Pantai Batu Batu,Tanggamus,wisata alam,-5.753298,105.0593825,"Parkir, Toilet, Restoran",4.7,https://encrypted-tbn0.gstatic.com/images?q=tbn:ANd9GcRh7CjG_nckykWjbFe1hE1n1Ezvx6UeHB962Q&s
282,Pantai Batu Kebau Pihabung,Tanggamus,wisata alam,-5.5188153,104.6986638,"Parkir, Toilet, Restoran",4.7,https://encrypted-tbn0.gstatic.com/images?q=tbn:ANd9GcSmvI9aVJf_PWE0UvuYB1EySEVkCiR0y86OhQ&s
283,Pantai Batu Petayuman,Tanggamus,wisata alam,-5.6956828,104.9670908,"Parkir, Toilet, Restoran",4.8,https://sisparnas.kemenpar.go.id/imgdata/1280470.jpg
284,pantai bidadari putih,Tanggamus,wisata alam,-5.636417,104.8511089,"Parkir, Toilet, Restoran",4.5,https://encrypted-tbn0.gstatic.com/images?q=tbn:ANd9GcSP2sIOA5-Z0KlxPXe5kj3Rl-EHZa3VUqNrqA&s
285,Pantai Gungwani,Tanggamus,wisata alam,-5.755597,105.06981032,"Parkir, Toilet, Restoran",5,https://kelilinglampung.net/wp-content/uploads/2020/01/Gung-Wani-pantaikelumbayanblogspotcom.jpg
286,Pantai Harapan,Tanggamus,wisata alam,"-5,3560475","104,8461075","Parkir, Toilet, Restoran",4.4,https://www.indonesia-tourism.com/lampung/images/pantai-harapan.jpg
287,Pantai Indah Ruguk,Tanggamus,wisata alam,-5.63775012,104.8530089,"Parkir, Toilet, Restoran",4.4,https://encrypted-tbn0.gstatic.com/images?q=tbn:ANd9GcSvtHvSBK9EZ77HGJVW1se2WjplNfXM70UImg&s
288,Pantai Karang Bolong,Tanggamus,wisata alam,-5.6090807,104.788895,"Parkir, Toilet, Restoran",4.4,https://lampung.kejarfakta.co/i/posts/2020/eea5d3677f9b978999facb0e1ad52269_thumb.jpg
289,Pantai Karang Indah Cuku Betung,Tanggamus,wisata alam,-5.50930551,104.6647816,"Parkir, Toilet, Restoran",4.1,https://sisparnas.kemenparekraf.go.id/imgdata/583050.jpg
290,Pantai LOSARI INDAH,Tanggamus,wisata alam,-5.5368028,104.7216961,"Parkir, Toilet, Restoran",4.3,https://sandee.com/indonesia/lampung/west-agung-city/pantai-losari-indah
291,Pantai Napal Kalumbayan,Tanggamus,wisata alam,"-5,5160157","104,8600248","Parkir, Toilet, Restoran",4.7,https://encrypted-tbn0.gstatic.com/images?q=tbn:ANd9GcSO54JsEFk75R-rzUZ-ansWODbWUK30YdFnwg&s
292,Pantai Pasir Putih Teluk Kiluan negeri,Tanggamus,wisata alam,"-5,52863405","105,3548429","Parkir, Toilet, Restoran",4.5,https://encrypted-tbn0.gstatic.com/images?q=tbn:ANd9GcT0ndM1zPM9Ri2egfMqgzJNgzy2t0pGthOKIw&s
293,Pantai Pintasan,Tanggamus,wisata alam,-5.71910237,104.9962413,"Parkir, Toilet, Restoran",4.7,https://radarlampung.disway.id/upload/9378065a71f93fcb3abb86cca5edc686.jpg
294,Pantai Satu Kelapa,Tanggamus,wisata alam,-5.7532153,105.0772849,"Parkir, Toilet, Restoran",4.5,https://medialampung.disway.id/upload/68c529054fd04b4b41ee6bc057060915.JPEG
295,PANTAI SETIGI,Tanggamus,wisata alam,-5.8092222,104.6907974,"Parkir, Toilet, Restoran",5,https://sisparnas.com/imgdata/1307181.jpg
296,Wisata Tanjung palapa,Tanggamus,wisata alam,-5.5143701,104.5580217,"Parkir, Toilet, Restoran",3.5,https://sisparnas.kemenpar.go.id/imgdata/583100.jpg
297,Pantai Umbar,Tanggamus,wisata alam,"-5,6936866","104,9761937","Parkir, Toilet, Restoran",4.7,https://encrypted-tbn0.gstatic.com/images?q=tbn:ANd9GcR--lKFBhuEdVurXlOVyUYMtFjOiSvHjGwAmg&s
298,Pantai Wisata kekhamat butuah,Tanggamus,wisata alam,"-5,452126","104,7135574","Parkir, Toilet, Restoran",5,https://encrypted-tbn0.gstatic.com/images?q=tbn:ANd9GcTBy-7L4SUwDBRrmsplgn3WpGsXHfmnZ2x-3g&s
299,Pulau Kelapa Teluk Kiluan,Tanggamus,wisata alam,"-5,78119595","105,093018","Parkir, Toilet, Restoran",4.6,https://encrypted-tbn0.gstatic.com/images?q=tbn:ANd9GcS1onk0tFHMZY1n75cxR62CkibvgtOeaQuk5Q&s
300,Rekreasi pihabung karang,Tanggamus,wisata alam,"-5,7308103","104,6436405","Parkir, Toilet, Restoran",4.7,https://encrypted-tbn0.gstatic.com/images?q=tbn:ANd9GcQBnfTURZU37ocaIe2f1Ro6Fo0nXsn13BBY2Q&s
301,Rest Area Gisting,Tanggamus,wisata buatan,"-5,4382348","104,7376675","Parkir, Toilet, Restoran",4.3,https://asset.tribunnews.com/5ZNx_PRT6ceP2OMyj8ZdKE5_3Ss=/1200x675/filters:upscale():quality(30):format(webp):focal(0.5x0.5:0.5x0.5)/lampung/foto/bank/originals/rest-area-gisting.jpg
302,Sumber Mulyo Sailing,Tanggamus,wisata buatan,"-5,3681473","104,7191438","Parkir, Toilet, Restoran",4.6,https://encrypted-tbn0.gstatic.com/images?q=tbn:ANd9GcT1Uac3SOVNtDdRco8dkN3OPlFvtaxt2gPQfQ&s
303,Taman Wisata Muara Indah,Tanggamus,wisata buatan,"-5,2893872","104,5601056","Parkir, Toilet, Restoran",4.2,https://radartanggamus.disway.id/upload/fc740de0bb603442fb9bf486629dc3b2.jpg
304,Vila Voda,Tanggamus,wisata buatan,-5.45367487,104.7064324,"Parkir, Toilet, Restoran",4.3,https://encrypted-tbn0.gstatic.com/images?q=tbn:ANd9GcRL4oEEOCKCnahW_u9ur3MPTGIAQT29qVIVrg&s
305,Water dam,Tanggamus,wisata buatan,"-5,4685104","104,5259648","Parkir, Toilet, Restoran",4.9,https://encrypted-tbn0.gstatic.com/images?q=tbn:ANd9GcQupotdxv0hpYh4IbE18JOPby-5CT76xO-BWg&s
306,Air Terjun Way Lalaan 1,Tanggamus,wisata alam,-5.48489208,104.6891741,"Parkir, Toilet, Restoran",4.5,https://encrypted-tbn0.gstatic.com/images?q=tbn:ANd9GcSOG6tYCZPP-bB0IyhYiojXHOXQChAzVrUywQ&s
307,BENDUNGAN WAY TEHILI,Tanggamus,wisata buatan,-5.46609793,104.60663201,"Parkir, Toilet",4.3,https://sisparnas.kemenpar.go.id/imgdata/584300.jpg
308,PANTAI BATU BALAI,Tanggamus,wisata alam,-5.48502558,104.68830841,"Parkir, Toilet, Restoran",5,https://radartanggamus.disway.id/upload/599d30721a604e9094faacfeb5db1595.jpg
309,Wana Wisata Bukit Neba,Tanggamus,wisata alam,-5.45184225,104.74317895,"Parkir, Toilet, Mushola, Restoran",4.3,https://encrypted-tbn0.gstatic.com/images?q=tbn:ANd9GcSAYb1ub6Rpetsa3kVhkVUFCI-uEd5Sr7jlPw&s
310,Pantai Gigi Hiu,Tanggamus,wisata alam,"-5,3661036","104,7796354","Parkir, Toilet, Restoran",4.6,https://www.batiqa.com/upload/news/l/lampung-pantai-gigi-hiu_3mnwt.jpg
311,Pantai muara tanjung burnai,Tanggamus,wisata alam,-5.5456456,104.5324994,"Parkir, Toilet, Mushola, Restoran",4.6,https://encrypted-tbn0.gstatic.com/images?q=tbn:ANd9GcS7AeRTeGYkfv5yXIrYxLuNSJnFiC202FhA2Q&s
312,Wisata Pantai Pesesekh Khikit,Tanggamus,wisata alam,-5.5643782,104.5493819,"Parkir, Toilet, Mushola, Restoran",4.5,https://gatsu90rentcar.com/wp-content/uploads/2023/03/Pantai-Pesesekh-Khitkit-Tanggamus-Info-Harga-Tiket-dan-Fasilitasnya.webp
313,Wisata Pantai Teluk Paku,Tanggamus,wisata alam,"-5,7039111","104,9929273","Parkir, Toilet, Mushola, Restoran",4.6,https://encrypted-tbn0.gstatic.com/images?q=tbn:ANd9GcQ3lN2UV_s17guEpiYJHNaYsl4BeTH8d79GKQ&s
314,Wisata pantai terbaya,Tanggamus,wisata alam,"-5,4969108","104,6489074","Parkir, Toilet, Mushola, Restoran",4,https://radartanggamus.disway.id/upload/4730632d1d18aa70c34e1c23b2405d01.jpg
315,Wisata Pulau Biru,Tanggamus,wisata buatan,"-5,4640272","104,594831","Parkir, Toilet, Mushola, Restoran",4.5,https://sisparnas.kemenpar.go.id/imgdata/645541.jpg
316,Wisata Teluk Kiluan,Tanggamus,wisata alam,"-5,7253917","105,0251962","Parkir, Toilet, Mushola, Restoran",4.6,https://cdn.bafageh.com/blogs/thumbnails/516123_teluk-kiluan.png
317,Taman Agro Wisata Tubaba,Tulang Bawang Barat,wisata buatan,-4.5597769,105.1108916,"Parkir, Toilet, Mushola, Restoran",4,https://encrypted-tbn0.gstatic.com/images?q=tbn:ANd9GcRmnwhHSNpZCbiFo4JaEx3TfoXMOGVV_5k_ZA&s
318,Kebun Anggur Mini Kurnia grape,Tulang Bawang Barat,wisata buatan,-4.4966320,105.1441831,"Parkir, Toilet, Mushola, Restoran",4.5,https://i.ytimg.com/vi/n_mrwQhUyK0/maxresdefault.jpg
319,Buaya Keramat pagar dewa Lambow kibang,Tulang Bawang Barat,wisata buatan,-4.3978069,105.1425746,"Parkir, Toilet, Mushola, Restoran",5,https://i.ytimg.com/vi/CnGNNohhRPk/maxresdefault.jpg
320,KERAMAT GEMOL,Tulang Bawang Barat,wisata religi,-4.4851766,105.0486611,"Parkir, Toilet, Mushola, Restoran",5,https://eliasunarto.wordpress.com/wp-content/uploads/2019/10/img-20191004-wa0025.jpg?w=1024
321,KOLAM RENANG BANG ARI,Tulang Bawang Barat,wisata buatan,-4.5207689,105.0773822,"Parkir, Toilet, Mushola, Restoran",4.5,https://asset.tribunnews.com/aiuSGHOQJ_bJ0nrO_z2EOqhyw9I=/1200x675/filters:upscale():quality(30):format(webp):focal(0.5x0.5:0.5x0.5)/lampung/foto/bank/originals/Waterboom-Bang-Ari-Tubaba.jpg
322,Wahana Banyu Biru,Tulang Bawang Barat,wisata buatan,-4.6381987,105.0763837,"Parkir, Toilet, Mushola, Restoran",4.1,https://encrypted-tbn0.gstatic.com/images?q=tbn:ANd9GcRYvGJ5p8yAjDBWM3bk0iklpNs4348of_zhhw&s
323,Kolam Renang Way Andak,Tulang Bawang Barat,wisata buatan,-4.6324673,105.1383693,"Parkir, Toilet, Mushola, Restoran",4.4,https://encrypted-tbn0.gstatic.com/images?q=tbn:ANd9GcTGuVoW63U6KikKX9TyqM9DCMvXLRZ7gKsW3g&s
324,LAS SENGOK,Tulang Bawang Barat,wisata alam,"-4,3980264","105,5542801","Parkir, Toilet, Mushola, Restoran",3.9,https://encrypted-tbn0.gstatic.com/images?q=tbn:ANd9GcSiuMUQfa_jbiM8XW100C4idhae8KsnHT394Q&s
325,LEMBAH TURE,Tulang Bawang Barat,wisata alam,"-4,43230255","105,1424734","Parkir, Toilet, Mushola, Restoran",4.1,https://encrypted-tbn0.gstatic.com/images?q=tbn:ANd9GcSc92JdVoYm30WkM_rj6w_Sz1pfNYZWnFkMvw&s
326,Pelangi Waterboom,Tulang Bawang Barat,wisata buatan,-4.5879883,105.1010647,"Parkir, Toilet, Mushola, Restoran",4.3,https://encrypted-tbn0.gstatic.com/images?q=tbn:ANd9GcSpErm_6LD1OUfd24nNId8DGfVWWZeHJmPHXg&s
327,TAMAN BERMAIN SEHATI IBU DAN ANAK,Tulang Bawang Barat,wisata buatan,-4.5897820,105.1040248,"Parkir, Toilet, Mushola, Restoran",5,https://i.ytimg.com/vi/yUj1AinkBPY/maxresdefault.jpg
328,TAMAN FAIZ,Tulang Bawang Barat,wisata buatan,-4.5080880,104.9923501,"Parkir, Toilet, Mushola, Restoran",4.2,https://encrypted-tbn0.gstatic.com/images?q=tbn:ANd9GcSBCNqqNjIr6GF9I0zLUjyEzJyqQT5G_Um7bA&s
329,TAMAN KURA - KURA,Tulang Bawang Barat,wisata buatan,-4.5630297,105.1111025,"Parkir, Toilet, Mushola, Restoran",3.3,https://lampung.kejarfakta.co/i/posts/2019/3b17dbb0451c157f05f5384f4736f969_thumb.jpg
330,TAMAN UMBUL KAPUK,Tulang Bawang Barat,wisata alam,-4.6266844,105.0800614,"Parkir, Toilet, Mushola, Restoran",4.2,https://encrypted-tbn0.gstatic.com/images?q=tbn:ANd9GcTEpTg8LoHOfT1P2oP-eDTO9HBzHbQY1VAKZw&s
331,Tangga Raja Pagar Dewa,Tulang Bawang Barat,wisata buatan,-4.4251483,105.1387688,"Parkir, Toilet, Mushola, Restoran",4.9,https://tulangbawangkab.go.id/files/sidebar/2025/Tangga_Raja_1000_68996eb269643.png
332,TUGU EMPAT MARGA,Tulang Bawang Barat,wisata budaya,-4.4874461,105.1060204,"Parkir, Toilet, Mushola, Restoran",4.6,https://fajarsumatera.co.id/wp-content/uploads/2024/10/IMG-20241018-WA0114.jpg
333,Tugu Rato Nago Besanding,Tulang Bawang Barat,wisata budaya,-4.5394145,105.0871300,"Parkir, Toilet, Mushola, Restoran",4.5,https://encrypted-tbn0.gstatic.com/images?q=tbn:ANd9GcTSxRLgXX9nPI7N5fwmy96D43viV7mEVXNAMg&s
334,Uluan Nughik,Tulang Bawang Barat,wisata buatan,-4.5324964,105.0853120,"Parkir, Toilet, Mushola, Restoran",4.6,https://lampungraya.id/wp-content/uploads/2019/12/FB_IMG_1577147119931.jpg
335,Water Park Kali Miring,Tulang Bawang Barat,wisata buatan,-4.6261952,105.1259927,"Parkir, Toilet, Mushola, Restoran",3.8,https://renangloka.com/wp-content/uploads/2022/09/water-park-kali-miring.jpeg
336,WISATA TIKAR GEDUNG RATU,Tulang Bawang Barat,wisata budaya,-4.50475334,105.0495918,"Parkir, Toilet, Mushola, Restoran",5,https://encrypted-tbn0.gstatic.com/images?q=tbn:ANd9GcTeD9Q8gfGTwJSOy2RkY7ReFoJAOeGZAu3AYg&s
337,CAKAT RAYA,Tulang Bawang,wisata budaya,-4.42734391,105.2604472,"Parkir, Toilet, Mushola, Restoran",4.2,https://encrypted-tbn0.gstatic.com/images?q=tbn:ANd9GcQ8I00vY48UZsW0HEx9DYQCre5ydqxyxc7zcw&s
338,Danau Telu pitu,Tulang Bawang,wisata alam,-4.41425982,105.5162606,"Parkir, Toilet, Mushola, Restoran",5,https://seringjalan.com/wp-content/uploads/2020/04/Danau-Telu-Pitu-Menggala-e1723010969228.jpg
339,Gedung Perwatin,Tulang Bawang,wisata budaya,-4.47176030,105.2402066,"Parkir, Toilet, Mushola, Restoran",4.3,https://lh4.googleusercontent.com/proxy/rcrWa3NP97I4_AblMI5IL9HSIOL5vgOmgjIEy24_e1iwJsj0FG1uAZ1vszwlMnHUFJlWn7p1yfVhE_4YhRmaEVKVHgUuc5-mOikSNifF62l0aSvnffKDEAoOGzN3Ij9qzz_fpfvQl_XlkBDnCBL9vKqtDuuAUl835VrB
340,Kolam Renang Dwi Puspa,Tulang Bawang,wisata buatan,-4.27078246,105.2375794,"Parkir, Toilet, Restoran",4.4,https://encrypted-tbn0.gstatic.com/images?q=tbn:ANd9GcSFEq89dRKoY4Yk8VtjfmsFdhDyqbyuSlUt5Q&s
341,Kolam Renang Ganda Putra Jaya,Tulang Bawang,wisata buatan,-4.21718075,105.6397398,"Parkir, Toilet, Restoran",3.8,https://encrypted-tbn0.gstatic.com/images?q=tbn:ANd9GcRBtMZ8ASSXWrA2nhBo__k_PGKnNdliKPzF7w&s
342,Kolam Renang Mandala,Tulang Bawang,wisata buatan,-4.43899591,105.8332987,"Parkir, Toilet, Restoran",3.5,https://sisparnas.kemenparekraf.go.id/imgdata/680551.jpg
343,Kolam Renang Taman Bahagia,Tulang Bawang,wisata buatan,-4.38957719,105.2853434,"Parkir, Toilet, Restoran",4.2,https://encrypted-tbn0.gstatic.com/images?q=tbn:ANd9GcQCpSQ7BsuGhaxARkwRHmgsXoeiBvC7nuJ1CA&s
344,Kolam Renang Tirta Jaya,Tulang Bawang,wisata buatan,-4.39306850,105.2724128,"Parkir, Toilet, Restoran",4.4,https://encrypted-tbn0.gstatic.com/images?q=tbn:ANd9GcTmFjB6iesGwdUNQ40OX5L6Vsapm3l0KnfeUw&s
345,Kolam Renang Umbul Lekou,Tulang Bawang,wisata buatan,-4.54862006,105.2242770,"Parkir, Toilet, Restoran",4.5,https://encrypted-tbn0.gstatic.com/images?q=tbn:ANd9GcRfER6TE0dF7w_OXQL3ffpD2M14ufeDvyFsPg&s
346,Lapangan Bina Bumi,Tulang Bawang,wisata buatan,-4.27458026,105.4553011,"Parkir, Toilet, Restoran",3.1,https://fokusberita.id/wp-content/uploads/2019/08/Tugu-Bumi.jpg
347,Lapangan Bola Kagungan Rahayu,Tulang Bawang,wisata buatan,-4.57087843,105.1931875,"Parkir, Toilet",5,https://encrypted-tbn0.gstatic.com/images?q=tbn:ANd9GcTsYTwZ9hIpLTNhB_3b6CbSFm_tqXd-OyIWPg&s
348,Waterboom Panorama Resort,Tulang Bawang,wisata buatan,-4.28651487,105.1867606,"Parkir, Toilet",4,https://gatsu90rentcar.com/wp-content/uploads/2023/02/Info-Harga-Tiket-Masuk-Taman-Bahagia-Waterboom.webp
349,PANTAI LAUT AGUNG,Tulang Bawang,wisata alam,-4.26769676,105.8182575,"Parkir, Toilet",4.5,https://encrypted-tbn0.gstatic.com/images?q=tbn:ANd9GcQscwK0xy2878UStwFbNzD75ux_P1vNW8cssw&s
350,PARIS KIDS LAND,Tulang Bawang,wisata buatan,-4.28218427,105.2144544,"Parkir, Toilet",4.5,https://encrypted-tbn0.gstatic.com/images?q=tbn:ANd9GcSixHeGVZVo7A5RfAtulbP1LXv56jm_DE7uew&s
351,Pelangi Alam Mesir,Tulang Bawang,wisata buatan,-4.22622235,105.5961089,"Parkir, Toilet, Mushola, Restoran",4.8,https://koransatu.id/wp-content/uploads/2021/03/IMG-20210319-WA0096-719x375.jpg
352,Tugu Garuda,Tulang Bawang,wisata buatan,-4.49647813,105.2410366,"Parkir, Toilet, Mushola, Restoran",4.5,https://encrypted-tbn0.gstatic.com/images?q=tbn:ANd9GcRCiss3Qu68N0nNPCR0qd809cUUastt1A4RXQ&s
353,Taman Ikan Jelabat,Tulang Bawang,wisata buatan,-4.46163933,105.2579863,"Parkir, Toilet, Mushola, Restoran",2.8,https://services.tulangbawangkab.go.id/assets/images/artikel/4/1608608403WhatsApp-Image-2020-12-13-at-18.04.22.jpeg
354,Taman Ikatan Cinta,Tulang Bawang,wisata buatan,-4.23801896,105.2742080,"Parkir, Toilet, Mushola, Restoran",4.5,https://infopublik.id/assets/upload/headline//image_123986672_(1).JPG
355,TAMAN MERAH PUTIH,Tulang Bawang,wisata buatan,-4.30123337, 105.2417892,"Parkir, Toilet, Mushola, Restoran",4.3,https://encrypted-tbn0.gstatic.com/images?q=tbn:ANd9GcRT_sXyUNhlOR1Tdo3ZSEcocSlrDLwHHZAxEg&s
356,Taman Moris Jaya,Tulang Bawang,wisata buatan,-4.28368208,105.2717159,"Parkir, Toilet, Mushola, Restoran",4.7,https://sisparnas.kemenparekraf.go.id/imgdata/680970.jpg
357,Taman Padiku,Tulang Bawang,wisata buatan,-4.29001307,105.4353919,"Parkir, Toilet, Mushola, Restoran",4.3,https://sisparnas.kemenparekraf.go.id/imgdata/1267170.jpg
358,Taman Panca Tunggal Jaya,Tulang Bawang,wisata buatan,-4.30552788,105.5020381,"Parkir, Toilet, Mushola, Restoran",5,https://sisparnas.com/imgdata/1267250.jpg
359,Taman Ramah Anak,Tulang Bawang,wisata buatan,-4.42358491,105.7924118,"Parkir, Toilet, Mushola, Restoran",4.2,https://sisparnas.kemenparekraf.go.id/imgdata/1267030.jpg
360,TAMAN TERAPI IKAN,Tulang Bawang,wisata buatan,-4.22327455,105.6323825,"Parkir, Toilet, Mushola, Restoran",4.5,https://encrypted-tbn0.gstatic.com/images?q=tbn:ANd9GcQZ9DG5DX5AFYwnJ8nvW9ZfR_ozMosyYkdcxQ&s
361,Taman Warga Makmur Jaya,Tulang Bawang,wisata buatan,-4.28633137,105.1914484,"Parkir, Toilet, Mushola, Restoran",4,https://encrypted-tbn0.gstatic.com/images?q=tbn:ANd9GcSjlnwcx4TvQiOCcQfaE9iq2l4T7wasLpt5Nw&s
362,Tangga Raja Menggala,Tulang Bawang,wisata budaya,-4.46296741,105.2421569,"Parkir, Toilet, Mushola, Restoran",4,https://encrypted-tbn0.gstatic.com/images?q=tbn:ANd9GcS0xqscT11Ybv0xgmYrpnqNTYkvo-NqCOnmcQ&s
363,Telaga Lumut Wangi,Tulang Bawang,wisata alam,-4.23771665,105.2448810,"Parkir, Toilet, Mushola, Restoran",3.8,https://sisparnas.kemenpar.go.id/imgdata/209050.jpg
364,Kolam Renang Tirta Garden,Tulang Bawang,wisata buatan,-4.26390376,105.2451281,"Parkir, Toilet, Mushola, Restoran",4,https://encrypted-tbn0.gstatic.com/images?q=tbn:ANd9GcRo2TiYMTU5cFs8ewZbaR0_hftHTwEVQ8fIgQ&s
365,WISATA ALAM 21,Tulang Bawang,wisata alam,-4.22672055,105.5934840,"Parkir, Toilet, Mushola, Restoran",4.2,https://encrypted-tbn0.gstatic.com/images?q=tbn:ANd9GcS8CED-spAUFxp2rnoCntpvZvYkc7HI6cIMTQ&s
366,AIR TERJUN PUTRI MALU,Way Kanan,wisata alam,-4.85981714,104.3861222,"Parkir, Toilet, Mushola, Restoran",4.4,https://encrypted-tbn0.gstatic.com/images?q=tbn:ANd9GcQHDrdc7ZovdZFwOsc7jwdPoA3GXhYCjCDN3A&s
367,Bendungan Way Besay Banjit,Way Kanan,wisata buatan,-4.88123606, 104.5061531,"Parkir, Toilet, Restoran",3.7,https://i.ytimg.com/vi/ZJQEFTFWFQw/maxresdefault.jpg
368,Bendungan Way Umpu,Way Kanan,wisata buatan,-4.83134704,104.4709357,"Parkir, Toilet, Restoran",4.3,https://i.ytimg.com/vi/vBNnbW-rDAQ/maxresdefault.jpg
369,Curup anggal,Way Kanan,wisata alam,-4.81051650,104.5500106,"Parkir, Toilet, Restoran",5,https://encrypted-tbn0.gstatic.com/images?q=tbn:ANd9GcREag6Aa36QFVe64YvfGC8TYU5EmcGn4xdwdg&s
370,Curup Cangkah Kidau,Way Kanan,wisata alam,-4.75280283,104.4424077,"Parkir, Toilet, Restoran",4.3,https://encrypted-tbn0.gstatic.com/images?q=tbn:ANd9GcQzDKWkUu9D4brVbYGy177WHn26OxhGkLeGpA&s
371,Curup Gangsa,Way Kanan,wisata alam,-4.66855920,104.4170404,"Parkir, Toilet, Restoran",4.4,https://awsimages.detik.net.id/community/media/visual/2019/10/12/1bf7344d-67e3-4cc2-8f2a-235578600483.jpeg?w=600&q=90
372,Air Terjun Curup Jepun,Way Kanan,wisata alam,-4.59057177,104.4480917,"Parkir, Toilet, Restoran",4.3,https://radartv.disway.id/upload/7c1aa3e307ca3dcaf92e6b2dfd55d015.jpg
373,Curup Penyandingan,Way Kanan,wisata alam,-4.59071345,104.4480551,"Parkir, Toilet, Restoran",3.7,https://encrypted-tbn0.gstatic.com/images?q=tbn:ANd9GcQW--v0cqYiNKUbzO1pQ9ujJJaTMZoEI29V7w&s
374,Curup Pinang Indah,Way Kanan,wisata alam,-4.65050641,104.3709161,"Parkir, Toilet, Restoran",4.5,https://encrypted-tbn0.gstatic.com/images?q=tbn:ANd9GcR7kO0--WkrgWrqSUQHe5g4q6EDHCtijTFxNA&s
375,Green Canyon kukop,Way Kanan,wisata alam,-4.89578992,104.5073134,"Parkir, Toilet, Restoran",4.1,https://cdn.rri.co.id/berita/129/images/1697284251892-2/thumbnail/440zafs7mii0xo1.jpeg
376,Kampung Wisata Gedung Batin,Way Kanan,wisata budaya,-4.61816936,104.5822987,"Parkir, Toilet, Restoran",4.2,https://encrypted-tbn0.gstatic.com/images?q=tbn:ANd9GcTDprMSMuunzK4F8dQMI7itymb2dFcNGLHFgQ&s
377,Bukit Punggur,Way Kanan,wisata alam,-4.80326424, 104.3721218,"Parkir, Toilet, Restoran",4.6,https://cdn.rri.co.id/berita/129/images/1697182748822-1/zvab3wb33oa863n.jpeg
378,Puncak Sari Wangi,Way Kanan,wisata alam,-4.83731407,104.4244885,"Parkir, Toilet, Restoran",5,https://i.ytimg.com/vi/-AtwVODj780/hqdefault.jpg
379,Giescho waterbyur baradatu,Way Kanan,wisata buatan,-4.71967609,104.5562816,"Parkir, Toilet, Restoran",4.4,https://encrypted-tbn0.gstatic.com/images?q=tbn:ANd9GcQnBuexwuiLJc28Eo-ftGys1EeDLeyqq9IBwQ&s
380,KOLAM RENANG WATER FALL SETIA NEGARA,Way Kanan,wisata buatan,-4.71458630,104.5543413,"Parkir, Toilet, Restoran",5,https://encrypted-tbn0.gstatic.com/images?q=tbn:ANd9GcSZUgH2xEa1fRiJPf_tWnT-_HvQLAWTrM4jFw&s
381,WaterPark RIZKY,Way Kanan,wisata buatan,-4.74856592,104.5407860,"Parkir, Toilet, Restoran",3.9,https://encrypted-tbn0.gstatic.com/images?q=tbn:ANd9GcSVDT1mJj8rdz4BG1nwzT9AxS7c3PWPuEGf9Q&s
382,ZOWTAA GARDEN,Way Kanan,wisata buatan,-4.42959751,104.7503105,"Parkir, Toilet, Restoran",4.4,https://www.travelz.xyz/wp-content/uploads/2020/09/zowtaa-garden-e1600920118803.jpg
383,Air Terjun Batu Putu,Bandar Lampung,wisata alam,-5.42706444,105.2182565,"Parkir, Toilet, Restoran",4.1,https://encrypted-tbn0.gstatic.com/images?q=tbn:ANd9GcQaRKWWtSBX0K7ttF45W11soY5Nu826bD2kNg&s
384,Bukit Sakura Kemiling,Bandar Lampung,wisata buatan,-5.40352923,105.2223840,"Parkir, Toilet, Restoran",4.3,https://ik.imagekit.io/tvlk/blog/2024/07/Bukit-Sakura-Lampung_-Daya-Tarik-Harga-Tiket-Masuk-dan-Lokasinya.jpeg
385,CAMP 91 Kedaung Outbound,Bandar Lampung,wisata buatan,-5.41108475,105.2109723,"Parkir, Toilet, Mushola, Restoran",4.3,https://encrypted-tbn0.gstatic.com/images?q=tbn:ANd9GcSbP7MUMFH2REZaxJIIRHdbAThPpOJxwoCDsQ&s
386,Camp Restu Bumi,Bandar Lampung,wisata buatan,-5.43538102,105.1900526,"Parkir, Toilet, Mushola, Restoran",4.8,https://asset-2.tribunnews.com/tribunlampungtravel/foto/bank/images/Rute-Menuju-Camp-Restu-Bumi-Parendoan-di-Kota-Bandar-Lampung.jpg
387,Farm Day,Bandar Lampung,wisata buatan,-5.42141597,105.1927024,"Parkir, Toilet, Mushola, Restoran",4.2,https://publikasilampung.id/wp-content/uploads/2023/11/2-taman-wisata-edukasi-Farmday-Education-Park-bandar-lampung-@farmday.co_.webp
388,Jukung Vietnam Resto,Bandar Lampung,wisata buatan,-5.41527835,105.1938440,"Parkir, Toilet, Mushola, Restoran",4.8,https://encrypted-tbn0.gstatic.com/images?q=tbn:ANd9GcTaM5Zk2QeiftPgzol8EhYMuV5UZND2TywdkA&s
389,Kampoeng Vietnam,Bandar Lampung,wisata buatan,-5.41550341,105.1933722,"Parkir, Toilet, Mushola, Restoran",4.5,https://travelspromo.com/wp-content/uploads/2024/09/Kampoeng-Vietnam-Lampung.jpg
390,Kedatun Keagungan,Bandar Lampung,wisata budaya,-5.37146807,105.2675343,"Parkir, Toilet, Mushola, Restoran",4.6,https://sultansinindonesieblog.wordpress.com/wp-content/uploads/2022/10/1-lampung-istana-kedatun-keagungan-lampung.jpg
391,Lembah BKP,Bandar Lampung,wisata buatan,-5.37816302,105.2084989,"Parkir, Toilet, Mushola, Restoran",4.4,https://i0.wp.com/madhang.com/wp-content/uploads/Wisata-Water-Park-Lembah-BKP.jpg
392,Lembah Durian Farm Stable,Bandar Lampung,wisata alam,-5.41933949,105.1970867,"Parkir, Toilet, Mushola, Restoran",3.8,https://www.saibumi.com/img_artikel/74IMG-20221112-WA0003~2.jpg
393,Lengkung Langit 2,Bandar Lampung,wisata alam,-5.41558082,105.1859164,"Parkir, Toilet, Mushola, Restoran",4.5,https://encrypted-tbn0.gstatic.com/images?q=tbn:ANd9GcSljhOo93q7xEN0vn7t0p6TiNTDtzndc1BL-Q&s
394,Menza Tirta,Bandar Lampung,wisata buatan,-5.36703304,105.2641954,"Parkir, Toilet, Mushola, Restoran",4.5,https://encrypted-tbn0.gstatic.com/images?q=tbn:ANd9GcRgGu5I66VGXIE5YzDBSSlTp0o3GiGclPM27w&s
395,Museum Lampung Rua Jurai,Bandar Lampung,wisata budaya,-5.37202640,105.2409070,"Parkir, Toilet, Mushola, Restoran",4.5,https://encrypted-tbn0.gstatic.com/images?q=tbn:ANd9GcTeGEIBT3cexeOKrAvTCZgz24PhyOMbYsqvag&s
396,Pantai Puri Gading,Bandar Lampung,wisata alam,-5.47059346, 105.2498903,"Parkir, Toilet, Mushola, Restoran",3.7,https://beautyofindonesia.com/asset-user/uploads/foto_wisata/PANTAI-PURI-GADING-KOTA-BANDAR-LAMPUNG.jpg
397,Pantai Tirtayasa,Bandar Lampung,wisata alam,-5.48194004,105.2524696,"Parkir, Toilet, Mushola, Restoran",3.9,https://encrypted-tbn0.gstatic.com/images?q=tbn:ANd9GcTaelMwQu80BIZy4HMQCz4AJQ9wvGCNvAm99w&s
398,Pasar Kreatif dan Seni Lampung,Bandar Lampung,wisata buatan,-5.37983160,105.2778045,"Parkir, Toilet, Mushola, Restoran",4.7,https://www.saibumi.com/img_artikel/12IMG-20210928-WA0017.jpg
399,Fishing Natural Charm,Bandar Lampung,wisata buatan,-5.37055652,105.2559881,"Parkir, Toilet, Mushola, Restoran",4.4,https://encrypted-tbn0.gstatic.com/images?q=tbn:ANd9GcS4ldCyeLdROYyS1HPDm5KnLYlKqPSxtC228w&s
400,Wildlife Tourism Swimming Pool Fountains Cibiah,Bandar Lampung,wisata buatan,-5.43569638,105.2107688,"Parkir, Toilet, Mushola, Restoran",4.2,https://encrypted-tbn0.gstatic.com/images?q=tbn:ANd9GcQJGHknJm6Ttd4fKNrEiEXbiMWnnHd0tQYjWg&s
401,Pintu Langit 2,Bandar Lampung,wisata buatan,-5.46856777,105.2420517,"Parkir, Toilet, Mushola, Restoran",4.4,https://encrypted-tbn0.gstatic.com/images?q=tbn:ANd9GcRKXvIogydZzw67WscmwpEBiHPFGPxS4f1HHA&s
402,Pulau Pasaran,Bandar Lampung,wisata alam,-5.46318391,105.2650858,"Parkir, Toilet, Mushola, Restoran",4.5,https://jadesta.kemenparekraf.go.id/imgpost/54625.jpg
403,Puncak Mas ,Bandar Lampung,wisata buatan,-5.42017997,105.2284532,"Parkir, Toilet, Mushola, Restoran",4.4,https://encrypted-tbn0.gstatic.com/images?q=tbn:ANd9GcSPrH1lbq2QZ7X45n_P90U4x-e4xotHQapS_A&s
404,Puncak Nirwana Lampung,Bandar Lampung,wisata buatan,-5.44327648, 105.2150920,"Parkir, Toilet, Mushola, Restoran",4.8,https://asset-2.tstatic.net/tribunlampungtravel/foto/bank/images/Harga-Tiket-Masuk-Hingga-Suasana-Bila-Berwisata-di-Puncak-Nirwana-Lampung.jpg
405,Rainbow Slide Kemiling,Bandar Lampung,wisata buatan,-5.41351809,105.1961498,"Parkir, Toilet, Mushola, Restoran",4.5,https://encrypted-tbn0.gstatic.com/images?q=tbn:ANd9GcSy9NE7q0pvhJi9LXcfTrAHuFxvGJB5czBEtA&s
406,Sky Garden Cafe and Resto,Bandar Lampung,wisata buatan,-5.39799973,105.2237033,"Parkir, Toilet, Mushola, Restoran",4.2,https://encrypted-tbn0.gstatic.com/images?q=tbn:ANd9GcRsrCCSBXzR65K-afPiRCXOlP-LnJ9euNqxlw&s
407,Taman Betung,Bandar Lampung,wisata buatan,-5.42109000,105.1880190,"Parkir, Toilet, Mushola, Restoran",4.7,https://encrypted-tbn0.gstatic.com/images?q=tbn:ANd9GcSMAgsMurW9ewNgQiT8Cra1VwoXmjpwEZ32FQ&s
408,Taman Kupu-kupu Gita Persada,Bandar Lampung,wisata buatan,-5.42072836,105.1885693,"Parkir, Toilet, Mushola, Restoran",4.2,https://encrypted-tbn0.gstatic.com/images?q=tbn:ANd9GcSD--PJeaq-clm_S2fa4nv-MemSiLkctr1aKQ&s
409,Pantai Duta Wisata,Bandar Lampung,wisata buatan,-5.47663436,105.2525760,"Parkir, Toilet, Mushola, Restoran",3.8,https://encrypted-tbn0.gstatic.com/images?q=tbn:ANd9GcQkNi9Pl_TzAwuAFdNd6vCiWwqE_rosgMEYHg&s
410,Taman Wisata Agripark,Bandar Lampung,wisata buatan,-5.38996571,105.2167350,"Parkir, Toilet, Mushola, Restoran",5,https://encrypted-tbn0.gstatic.com/images?q=tbn:ANd9GcTSq1drywqQ0QWvMEYlzuLZjQoETAhQs0dc6w&s
411,KULINER DUTA GS,Bandar Lampung,wisata buatan,-5.39977213,105.2235621,"Parkir, Toilet, Mushola, Restoran",4.7,https://encrypted-tbn0.gstatic.com/images?q=tbn:ANd9GcTz_VHE57rPqgOsHQGBA9WAFkM_neHfRthx1w&s
412,Taman Wisata Alam & Cottage Wira Garden,Bandar Lampung,wisata buatan,-5.43605277, 105.2295422,"Parkir, Toilet, Mushola, Restoran",4.5,https://encrypted-tbn0.gstatic.com/images?q=tbn:ANd9GcSoYYOKXv_Ge-JdZ30F8P5PAmeLisB6sDF8wQ&s
413,Lembah Hijau,Bandar Lampung,wisata buatan,-5.41534854,105.2305766,"Parkir, Toilet, Mushola, Restoran",4.3,https://awsimages.detik.net.id/community/media/visual/2023/11/04/capek-capek-tapi-seru-taman-satwa-lembah-hijau-lampung_169.jpeg?w=1200
414,Teropong Kota Bukit Sindy,Bandar Lampung,wisata buatan,-5.40427863,105.2533784,"Parkir, Toilet, Mushola, Restoran",4.2,https://encrypted-tbn0.gstatic.com/images?q=tbn:ANd9GcRAbRCfx2Atppr-lj2UtVsq_fiEGc-PmHECNA&s
415,Umbul Helau Lampung,Bandar Lampung,wisata buatan,-5.42154706,105.1929297,"Parkir, Toilet, Mushola, Restoran",4.6,https://lampungpro.co/laravel-filemanager/photos/33/Wisata/StickItImage_1677996651508.jpg
416,Thay Hin Bio Temple,Bandar Lampung,wisata religi,-5.44850297, 105.2631043,"Parkir, Toilet, Restoran",4.8,https://encrypted-tbn0.gstatic.com/images?q=tbn:ANd9GcQ8eK3_K4rtG8rqlIplAXinmFMBPwAfoiTOZQ&s
417,Wisata Bendungan Sumur Putri,Bandar Lampung,wisata buatan,-5.43823204,105.2458829,"Parkir, Toilet, Mushola, Restoran",4.4,https://encrypted-tbn0.gstatic.com/images?q=tbn:ANd9GcTLkc8wH7NcHZN3fYs_NlAHFgR8KB6qv6vRiQ&s
418,Museum Mini Santa Maria,Metro,wisata budaya,-5.11256177,105.3091119,"Parkir, Toilet, Mushola, Restoran",4.9,https://media.suara.com/pictures/970x544/2022/01/20/49869-galeri-dan-mini-museum-di-klinik-santa-maria-metro.jpg
419,DEWI AMOR 21,Metro,wisata buatan,-5.09778482,105.3262927,"Parkir, Toilet, Mushola, Restoran",4.7,https://i0.wp.com/halopaginews.com/wp-content/uploads/2022/08/IMG_20220814_200357.jpg?fit=800%2C592&ssl=1
420,Dokterswoning - Rumah Informasi Sejarah Metro,Metro,wisata budaya,-5.11601332,105.3093897,"Parkir, Toilet, Mushola, Restoran",4.7,https://i.ytimg.com/vi/TmdcPEx49s4/maxresdefault.jpg
421,Kolam Renang Stadion Tejosari,Metro,wisata buatan,-5.14841691,105.3328497,"Parkir, Toilet, Mushola, Restoran",3.8,https://encrypted-tbn0.gstatic.com/images?q=tbn:ANd9GcTvXxVfoUAdT-P_FeXBg6aLu_BWhQJaIBAdGw&s
422,LEMBAH LONDON,Metro,wisata buatan,-5.14930827,105.3288375,"Parkir, Toilet, Mushola, Restoran",4.5,https://encrypted-tbn0.gstatic.com/images?q=tbn:ANd9GcTmTAQH5AWz7YK31FOYaLUJTW-o_ocW1wn-mg&s
423,Masjid Agung Taqwa Kota Metro,Metro,wisata religi,-5.11455162,105.3069136,"Parkir, Toilet, Mushola, Restoran",4.8,https://disporapar.metrokota.go.id/uploaddata/tour_gallery/6TAQWA.jpg
424,Metro Kids Funnplay,Metro,wisata buatan,-5.11402001,105.2991736,"Parkir, Toilet, Mushola, Restoran",4.9,https://encrypted-tbn0.gstatic.com/images?q=tbn:ANd9GcSY7B2E0U6yxqhg1ILM2UJ4-hepBa8x0WhhYA&s
425,Palem Indah,Metro,wisata buatan,-5.12534580,105.2868399,"Parkir, Toilet, Mushola, Restoran",4.2,https://disporapar.metrokota.go.id/uploaddata/gambar_produk/611.jpg
426,Pasar Jamur Sawah,Metro,wisata buatan,-5.14454583, 105.2925161,"Parkir, Toilet, Mushola, Restoran",4.3,https://encrypted-tbn0.gstatic.com/images?q=tbn:ANd9GcTuWrs95tSsiEtYnuXvQhXUfcgQtZV3iQMorg&s
427,SAMBER PARK,Metro,wisata buatan,-5.11678226,105.3048255,"Parkir, Toilet, Mushola, Restoran",4.3,https://disporapar.metrokota.go.id/uploaddata/gambar_produk/60123.jpg
428,Taman Wisata Bunga Asri Bougenvilel Resort,Metro,wisata buatan,-5.14593327,105.3273848,"Parkir, Toilet, Mushola, Restoran",3.8,https://encrypted-tbn0.gstatic.com/images?q=tbn:ANd9GcQwdwp8i2pXDeySWx3WSFiMIgL1w8wg0dNSiQ&s
429,Taman Edukasi Metro,Metro,wisata buatan,-5.11582602,105.3209958,"Parkir, Toilet, Mushola, Restoran",4.5,https://encrypted-tbn0.gstatic.com/images?q=tbn:ANd9GcQ-B0XZISRWvS33QEZ4nBEDb7KJRS7HzaA4YQ&s
430,Taman Merdeka,Metro,wisata buatan,-5.11451617,105.3081651,"Parkir, Toilet, Mushola, Restoran",4.5,https://encrypted-tbn0.gstatic.com/images?q=tbn:ANd9GcST1GwMwS9VoMQeiZzUuzBmsgKwZe9PgzGyJw&s
431,WATER BOOM METRO GARDEN,Metro,wisata buatan,-5.10587403,105.3065303,"Parkir, Toilet, Mushola, Restoran",4.6,https://radarmetro.disway.id/upload/00372861d31819f2f2cabfd2e33510af.jpg
432,Wisata Alam Capit Urang,Metro,wisata alam,-5.05690507,105.3135010,"Parkir, Toilet, Mushola, Restoran",4.2,https://encrypted-tbn0.gstatic.com/images?q=tbn:ANd9GcQTHaLvt9p3kWsdkxVM2ordWHJyR4A1O-ii1A&s
433,Wisata Alam Alas Purii,Metro,wisata alam,-5.17397796,105.3010435,"Parkir, Toilet, Mushola, Restoran",4,https://encrypted-tbn0.gstatic.com/images?q=tbn:ANd9GcQz8qjB349iXD4AOb81Vp84uoCFRiwvMS-F8Q&s